date,capacity,turnover,open,high,low,close,change,transaction
2019-01-02 00:00:00,10000,170000,17,17.05,17,17,-0.1,6
2019-01-03 00:00:00,14000,240000,17.05,17.05,17,17,0,9
2019-01-04 00:00:00,15000,248000,17.1,17.2,17,17.1,0.1,12
2019-01-07 00:00:00,17000,300000,17.2,17.6,17.15,17.6,0.5,20
2019-01-08 00:00:00,66000,1157000,17.6,17.85,17.2,17.85,0.25,35
2019-01-09 00:00:00,27000,486000,17.85,18,17.65,18,0.15,20
2019-01-10 00:00:00,7000,129000,18,18,17.95,17.95,-0.05,9
2019-01-11 00:00:00,28000,508000,17.95,18.3,17.7,18.3,0.35,17
2019-01-14 00:00:00,54000,1009000,19,19,18.35,18.7,0.4,39
2019-01-15 00:00:00,43000,813000,18.7,18.9,18.4,18.9,0.2,22
2019-01-16 00:00:00,9000,167000,18.65,18.8,18.65,18.8,-0.1,9
2019-01-17 00:00:00,16000,298000,18.8,18.8,18.5,18.5,-0.3,5
2019-01-18 00:00:00,13000,242000,18.45,18.45,18.1,18.45,-0.05,9
2019-01-21 00:00:00,23000,411000,18.2,18.65,18.1,18.65,0.2,17
2019-01-22 00:00:00,9000,171000,18.4,18.6,18.3,18.6,-0.05,9
2019-01-23 00:00:00,2000,28000,18.5,18.5,18.5,18.5,-0.1,3
2019-01-24 00:00:00,12000,217000,18,18.1,18,18.05,-0.45,11
2019-01-25 00:00:00,1000,20000,18.15,18.15,18.15,18.15,0.1,2
2019-01-28 00:00:00,7000,133000,18.2,18.3,18.2,18.25,0.1,9
2019-01-29 00:00:00,12000,222000,18.3,18.35,18.2,18.35,0.1,12
2019-01-30 00:00:00,0,1000,,,,,0,1
2019-02-11 00:00:00,8000,151000,18.3,18.3,18.15,18.15,-0.15,8
2019-02-12 00:00:00,27000,490000,18.15,18.15,18.05,18.05,-0.1,9
2019-02-13 00:00:00,75000,1361000,18.1,18.25,18,18.25,0.2,35
2019-02-14 00:00:00,15000,276000,18.05,18.2,18.05,18.2,-0.05,12
2019-02-15 00:00:00,14000,257000,18.15,18.3,18.15,18.3,0.1,13
2019-02-18 00:00:00,60000,1107000,18.3,18.5,18.3,18.35,0.05,24
2019-02-19 00:00:00,11000,193000,18.35,18.35,18.25,18.35,0,13
2019-02-20 00:00:00,25000,465000,18.35,18.4,18.35,18.35,0,13
2019-02-21 00:00:00,29000,520000,18.35,18.35,18.15,18.2,-0.15,17
2019-02-22 00:00:00,12000,212000,18.1,18.2,18.05,18.2,0,15
2019-02-25 00:00:00,17000,310000,18.2,18.3,18.15,18.2,0,17
2019-02-26 00:00:00,28000,510000,18.2,18.2,18.2,18.2,0,10
2019-02-27 00:00:00,10000,188000,18.2,18.2,18.1,18.2,0,9
2019-03-04 00:00:00,52000,938000,18.05,18.2,18,18.2,0,38
2019-03-05 00:00:00,22000,395000,18,18.2,17.95,18.2,0,18
2019-03-06 00:00:00,27000,490000,18.05,18.25,18.05,18.15,-0.05,18
2019-03-07 00:00:00,11000,195000,18.2,18.2,18.05,18.2,0.05,12
2019-03-08 00:00:00,15000,269000,18.05,18.2,18.05,18.1,-0.1,12
2019-03-11 00:00:00,57000,1025000,18.2,18.2,18,18.15,0.05,35
2019-03-12 00:00:00,25000,460000,18.15,18.25,18.15,18.2,0.05,19
2019-03-13 00:00:00,76000,1398000,18.25,18.45,18.25,18.3,0.1,45
2019-03-14 00:00:00,42000,770000,18.4,18.45,18.35,18.45,0.15,38
2019-03-15 00:00:00,41000,766000,18.4,18.55,18.4,18.55,0.1,30
2019-03-18 00:00:00,15000,284000,18.4,18.5,18.3,18.5,-0.05,13
2019-03-19 00:00:00,57000,1054000,18.6,18.6,18.4,18.45,-0.05,35
2019-03-20 00:00:00,25000,460000,18.45,18.5,18.3,18.5,0.05,23
2019-03-21 00:00:00,25000,457000,18.4,18.55,18.4,18.55,0.05,13
2019-03-22 00:00:00,63000,1173000,18.55,18.55,18.35,18.55,0,32
2019-03-25 00:00:00,19000,342000,18.55,18.55,18.45,18.55,0,15
2019-03-26 00:00:00,34000,624000,18.55,18.6,18.45,18.6,0.05,25
2019-03-27 00:00:00,29000,541000,18.45,18.55,18.45,18.55,-0.05,25
2019-03-28 00:00:00,12000,224000,18.5,18.55,18.4,18.55,0,14
2019-03-29 00:00:00,39000,714000,18.45,18.65,18.45,18.65,0.1,27
2019-04-01 00:00:00,47000,874000,18.5,18.55,18.45,18.5,-0.15,33
2019-04-02 00:00:00,27000,505000,18.6,18.6,18.35,18.45,-0.05,21
2019-04-03 00:00:00,28000,506000,18.5,18.5,18.35,18.4,-0.05,13
2019-04-08 00:00:00,59000,1085000,18.35,18.5,18.35,18.4,0,24
2019-04-09 00:00:00,28000,519000,18.4,18.5,18.35,18.45,0.05,19
2019-04-10 00:00:00,14000,261000,18.4,18.45,18.3,18.45,0,14
2019-04-11 00:00:00,42000,778000,18.4,18.4,18.3,18.35,-0.1,23
2019-04-12 00:00:00,45000,826000,18.3,18.35,18.2,18.2,-0.15,34
2019-04-15 00:00:00,25000,452000,18.25,18.25,18.1,18.15,-0.05,23
2019-04-16 00:00:00,98000,1771000,18.15,18.2,17.95,18.15,0,38
2019-04-17 00:00:00,17000,302000,18.15,18.2,18.15,18.15,0,18
2019-04-18 00:00:00,26000,472000,18.15,18.15,18.05,18.15,0,20
2019-04-19 00:00:00,9000,163000,18.1,18.15,18.1,18.15,0,8
2019-04-22 00:00:00,60000,1088000,18.15,18.2,18,18.2,0.05,27
2019-04-23 00:00:00,7000,133000,18.1,18.2,18.1,18.2,0,7
2019-04-24 00:00:00,26000,481000,18.2,18.25,18.05,18.25,0.05,22
2019-04-25 00:00:00,19000,343000,18.2,18.2,18,18.2,-0.05,20
2019-04-26 00:00:00,14000,260000,18.1,18.2,18.05,18.15,-0.05,15
2019-04-29 00:00:00,20000,364000,18.1,18.15,18,18.15,0,16
2019-04-30 00:00:00,28000,506000,18.15,18.15,18,18.15,0,14
2019-05-02 00:00:00,12000,219000,18.15,18.2,18.05,18.2,0.05,11
2019-05-03 00:00:00,25000,452000,18.2,18.2,18,18.2,0,17
2019-05-06 00:00:00,6000,110000,18,18.1,18,18.05,-0.15,6
2019-05-07 00:00:00,33000,602000,18.15,18.15,18,18.15,0.1,28
2019-05-08 00:00:00,17000,314000,18.1,18.1,18.05,18.1,-0.05,16
2019-05-09 00:00:00,23000,415000,18.15,18.15,18,18.1,0,17
2019-05-10 00:00:00,36000,650000,18.1,18.1,17.85,18.1,0,23
2019-05-13 00:00:00,47000,849000,17.95,18.1,17.95,18.1,0,32
2019-05-14 00:00:00,25000,450000,17.9,18.1,17.9,18.05,-0.05,19
2019-05-15 00:00:00,48000,870000,18,18.15,18,18.15,0.1,23
2019-05-16 00:00:00,28000,507000,18.05,18.1,18,18.1,-0.05,14
2019-05-17 00:00:00,42000,759000,18.1,18.1,18,18.05,-0.05,17
2019-05-20 00:00:00,33000,597000,18,18.1,18,18.1,0.05,20
2019-05-21 00:00:00,23000,420000,18.05,18.1,18,18,-0.1,18
2019-05-22 00:00:00,32000,569000,18,18.1,18,18.1,0.1,19
2019-05-23 00:00:00,1163000,20991000,18,18.05,17.95,18.05,-0.05,26
2019-05-24 00:00:00,94000,1708000,18.05,18.3,18.05,18.15,0.1,42
2019-05-27 00:00:00,56000,1018000,18.15,18.2,18.1,18.1,-0.05,24
2019-05-28 00:00:00,37000,669000,18,18.15,18,18.15,0.05,14
2019-05-29 00:00:00,44000,798000,18.15,18.2,18,18.2,0.05,20
2019-05-30 00:00:00,13000,238000,18.2,18.3,18.2,18.2,0,11
2019-05-31 00:00:00,24000,439000,18.3,18.35,18.25,18.35,0.15,18
2019-06-03 00:00:00,12000,223000,18.25,18.35,18.25,18.35,0,8
2019-06-04 00:00:00,42000,765000,18.35,18.45,18.3,18.45,0.1,18
2019-06-05 00:00:00,71000,1326000,18.45,18.8,18.45,18.75,0.3,45
2019-06-06 00:00:00,277000,5424000,18.9,20.4,18.9,19.9,1.15,188
2019-06-10 00:00:00,259000,5104000,20,20.25,19.4,19.85,-0.05,136
2019-06-11 00:00:00,144000,2767000,19.65,19.65,18.8,19.1,-0.75,109
2019-06-12 00:00:00,46000,879000,19.1,19.2,18.9,19.2,0.1,32
2019-06-13 00:00:00,17000,330000,19,19.35,19,19.3,0.1,16
2019-06-14 00:00:00,49000,935000,19.15,19.4,19.15,19.4,0.1,19
2019-06-17 00:00:00,36000,691000,19.1,19.25,18.8,19.25,-0.15,25
2019-06-18 00:00:00,48000,911000,18.95,19.05,18.75,19.05,-0.2,35
2019-06-19 00:00:00,12000,224000,19,19.25,19,19.2,0.15,18
2019-06-20 00:00:00,28000,526000,19.2,19.25,19,19.05,-0.15,20
2019-06-21 00:00:00,18000,347000,19.05,19.05,19,19,-0.05,14
2019-06-24 00:00:00,22000,409000,19,19.05,18.9,19.05,0.05,19
2019-06-25 00:00:00,4000,82000,18.95,18.95,18.95,18.95,-0.1,7
2019-06-26 00:00:00,3000,61000,19,19,19,19,0.05,4
2019-06-27 00:00:00,58000,1098000,19,19,18.7,19,0,33
2019-06-28 00:00:00,2000,40000,19,19,19,19,0,4
2019-07-01 00:00:00,30000,578000,19,19.1,18.9,19.1,0.1,19
2019-07-02 00:00:00,9000,180000,18.85,18.95,18.85,18.95,-0.15,10
2019-07-03 00:00:00,45000,857000,19.05,19.1,18.95,19,0.05,26
2019-07-04 00:00:00,37000,696000,19.1,19.1,19,19,0,23
2019-07-05 00:00:00,15000,291000,19,19,18.9,18.9,-0.1,13
2019-07-08 00:00:00,27000,514000,19.1,19.1,18.9,19,0.1,18
2019-07-09 00:00:00,81000,1522000,18.55,19.05,18.55,19,0,54
2019-07-10 00:00:00,59000,1125000,19,19.3,19,19,0,45
2019-07-11 00:00:00,37000,709000,18.9,19.2,18.9,19.05,0.05,24
2019-07-12 00:00:00,25000,480000,19,19.05,19,19.05,0,25
2019-07-15 00:00:00,45000,863000,19.05,19.1,18.95,19.1,0.05,26
2019-07-16 00:00:00,211000,4066000,19.1,19.5,19.1,19.4,0.3,83
2019-07-17 00:00:00,172000,3355000,19.4,19.6,19.4,19.55,0.15,65
2019-07-18 00:00:00,160000,3151000,19.65,19.75,19.65,19.65,0.1,68
2019-07-19 00:00:00,268000,5238000,19.65,19.7,19.4,19.4,-0.25,145
2019-07-22 00:00:00,115000,2068000,18.1,18.1,17.9,17.9,-0.15,85
2019-07-23 00:00:00,97000,1724000,17.9,17.9,17.6,17.85,-0.05,41
2019-07-24 00:00:00,128000,2324000,17.85,18.15,17.85,18.15,0.3,49
2019-07-25 00:00:00,47000,851000,18.1,18.15,18.05,18.1,-0.05,17
2019-07-26 00:00:00,22000,400000,18.1,18.1,18.1,18.1,0,4
2019-07-29 00:00:00,27000,493000,17.95,18.1,17.95,18.1,0,19
2019-07-30 00:00:00,21000,371000,18,18.05,17.95,18,-0.1,16
2019-07-31 00:00:00,6000,108000,18,18.05,18,18.05,0.05,6
2019-08-01 00:00:00,9000,164000,18.05,18.1,18,18,-0.05,9
2019-08-02 00:00:00,47000,837000,18,18.05,17.85,17.85,-0.15,28
2019-08-05 00:00:00,33000,594000,17.9,17.95,17.9,17.9,0.05,22
2019-08-06 00:00:00,28000,495000,17.8,17.85,17.5,17.85,-0.05,18
2019-08-07 00:00:00,10000,184000,18,18,17.8,17.95,0.1,7
2019-08-08 00:00:00,67000,1200000,17.8,18,17.8,17.95,0,10
2019-08-12 00:00:00,34000,623000,18,18.25,18,18.05,0.1,29
2019-08-13 00:00:00,36000,649000,18,18.05,17.95,18.05,0,20
2019-08-14 00:00:00,21000,385000,18.05,18.05,17.95,17.95,-0.1,20
2019-08-15 00:00:00,26000,472000,17.75,17.9,17.7,17.85,-0.1,20
2019-08-16 00:00:00,23000,415000,17.8,18,17.8,18,0.15,16
2019-08-19 00:00:00,28000,504000,18,18.1,17.9,18.1,0.1,16
2019-08-20 00:00:00,34000,613000,18.1,18.1,18,18.05,-0.05,20
2019-08-21 00:00:00,42000,745000,18,18,17.75,17.95,-0.1,34
2019-08-22 00:00:00,32000,580000,17.95,18,17.9,17.9,-0.05,20
2019-08-23 00:00:00,42000,758000,17.9,17.9,17.8,17.85,-0.05,41
2019-08-26 00:00:00,90000,1582000,17.95,17.95,17.5,17.85,0,55
2019-08-27 00:00:00,55000,975000,17.9,17.95,17.75,17.95,0.1,20
2019-08-28 00:00:00,5000,90000,17.95,17.95,17.85,17.85,-0.1,18
2019-08-29 00:00:00,19000,333000,17.85,17.85,17.8,17.85,0,14
2019-08-30 00:00:00,97000,1724000,17.85,17.95,17.8,17.95,0.1,40
2019-09-02 00:00:00,10000,170000,17.95,17.95,17.8,17.85,-0.1,11
2019-09-03 00:00:00,38000,676000,17.85,18,17.85,18,0.15,21
2019-09-04 00:00:00,60000,1080000,18,18.05,18,18,0,21
2019-09-05 00:00:00,17000,312000,18,18.05,18,18.05,0.05,22
2019-09-06 00:00:00,33000,591000,18.1,18.15,18.05,18.15,0.1,24
2019-09-09 00:00:00,30000,536000,18,18.1,18,18.1,-0.05,22
2019-09-10 00:00:00,21000,372000,17.85,18.1,17.85,18.05,-0.05,18
2019-09-11 00:00:00,16000,282000,18.05,18.05,17.95,17.95,-0.1,14
2019-09-12 00:00:00,10000,172000,18,18,17.9,17.95,0,10
2019-09-16 00:00:00,86000,1542000,18,18.05,17.9,18,0.05,30
2019-09-17 00:00:00,28000,497000,18,18.1,17.95,18,0,22
2019-09-18 00:00:00,28000,493000,17.9,18,17.9,17.95,-0.05,14
2019-09-19 00:00:00,57000,1030000,18,18,17.9,17.9,-0.05,23
2019-09-20 00:00:00,30000,546000,17.95,18,17.9,17.95,0.05,12
2019-09-23 00:00:00,61000,1095000,17.9,18.15,17.9,18.1,0.15,40
2019-09-24 00:00:00,68000,1234000,18.15,18.3,18.15,18.15,0.05,39
2019-09-25 00:00:00,49000,891000,18.15,18.15,18.05,18.15,0,22
2019-09-26 00:00:00,48000,869000,18.1,18.1,18,18.1,-0.05,27
2019-09-27 00:00:00,56000,1000000,18,18.1,18,18.1,0,26
2019-10-01 00:00:00,24000,441000,17.95,18.1,17.9,18.1,0,18
2019-10-02 00:00:00,22000,405000,18.15,18.2,18.1,18.2,0.1,16
2019-10-03 00:00:00,31000,558000,18.05,18.2,17.9,18.2,0,15
2019-10-04 00:00:00,18000,321000,18.2,18.2,18.1,18.2,0,12
2019-10-07 00:00:00,79000,1430000,18.05,18.05,17.95,18,-0.2,41
2019-10-08 00:00:00,17000,308000,18,18.15,18,18.15,0.15,17
2019-10-09 00:00:00,10000,184000,18.1,18.15,18.1,18.15,0,9
2019-10-14 00:00:00,32000,578000,18.15,18.3,18.15,18.15,0,28
2019-10-15 00:00:00,20000,363000,18.2,18.2,18.05,18.15,0,18
2019-10-16 00:00:00,44000,797000,18.3,18.55,18.15,18.15,0,32
2019-10-17 00:00:00,12000,221000,18.15,18.2,18,18.15,0,15
2019-10-18 00:00:00,11000,192000,18.05,18.25,18.05,18.2,0.05,14
2019-10-21 00:00:00,91000,1661000,18.45,18.45,18.2,18.3,0.1,43
2019-10-22 00:00:00,28000,508000,18.35,18.35,18.25,18.35,0.05,25
2019-10-23 00:00:00,27000,497000,18.35,18.5,18.3,18.35,0,21
2019-10-24 00:00:00,16000,292000,18.45,18.45,18.35,18.35,0,16
2019-10-25 00:00:00,27000,497000,18.4,18.45,18.35,18.4,0.05,24
2019-10-28 00:00:00,29000,537000,18.4,18.45,18.3,18.3,-0.1,26
2019-10-29 00:00:00,9000,168000,18.3,18.35,18.25,18.35,0.05,9
2019-10-30 00:00:00,12000,220000,18.3,18.35,18.3,18.3,-0.05,15
2019-10-31 00:00:00,22000,407000,18.3,18.35,18.2,18.35,0.05,16
2019-11-01 00:00:00,19000,349000,18.35,18.4,18.25,18.4,0.05,11
2019-11-04 00:00:00,34000,630000,18.4,18.4,18.25,18.35,-0.05,24
2019-11-05 00:00:00,31000,572000,18.35,18.4,18.3,18.35,0,20
2019-11-06 00:00:00,54000,988000,18.25,18.4,18.25,18.3,-0.05,37
2019-11-07 00:00:00,25000,456000,18.35,18.4,18.3,18.35,0.05,22
2019-11-08 00:00:00,29000,532000,18.3,18.45,18.25,18.45,0.1,13
2019-11-11 00:00:00,43000,787000,18.4,18.4,18.1,18.35,-0.1,26
2019-11-12 00:00:00,12000,224000,18.2,18.4,18.2,18.4,0.05,10
2019-11-13 00:00:00,32000,582000,18.35,18.45,18.35,18.4,0,18
2019-11-14 00:00:00,44000,807000,18.4,18.5,18.15,18.25,-0.15,26
2019-11-15 00:00:00,16000,288000,18.2,18.3,18.2,18.25,0,18
2019-11-18 00:00:00,66000,1236000,18.3,19.4,18.3,18.5,0.25,46
2019-11-19 00:00:00,56000,1042000,18.65,18.7,18.5,18.5,0,26
2019-11-20 00:00:00,79000,1462000,18.55,18.55,18.4,18.55,0.05,35
2019-11-21 00:00:00,34000,632000,18.5,18.55,18.5,18.55,0,20
2019-11-22 00:00:00,33000,618000,18.55,18.65,18.55,18.6,0.05,25
2019-11-25 00:00:00,40000,750000,18.65,18.85,18.6,18.7,0.1,29
2019-11-26 00:00:00,36000,682000,18.7,18.8,18.7,18.75,0.05,32
2019-11-27 00:00:00,24000,460000,18.75,18.85,18.7,18.85,0.1,25
2019-11-28 00:00:00,73000,1384000,18.95,19,18.85,18.95,0.1,32
2019-11-29 00:00:00,23000,428000,18.95,18.95,18.5,18.7,-0.25,21
2019-12-02 00:00:00,10000,189000,18.6,18.6,18.55,18.6,-0.1,9
2019-12-03 00:00:00,32000,598000,18.55,18.55,18.55,18.55,-0.05,15
2019-12-04 00:00:00,16000,300000,18.55,18.65,18.55,18.65,0.1,13
2019-12-05 00:00:00,17000,322000,18.65,18.75,18.65,18.75,0.1,11
2019-12-06 00:00:00,15000,280000,18.75,18.75,18.55,18.7,-0.05,12
2019-12-09 00:00:00,36000,673000,18.6,18.6,18.5,18.6,-0.1,23
2019-12-10 00:00:00,19000,353000,18.55,18.6,18.5,18.6,0,11
2019-12-11 00:00:00,50000,917000,18.5,18.65,18.5,18.5,-0.1,24
2019-12-12 00:00:00,57000,1036000,18.4,18.45,18.25,18.3,-0.2,42
2019-12-13 00:00:00,12000,213000,18.25,18.4,18.25,18.4,0.1,15
2019-12-16 00:00:00,29000,522000,18.3,18.4,18.2,18.4,0,24
2019-12-17 00:00:00,34000,633000,18.3,18.5,18.3,18.45,0.05,19
2019-12-18 00:00:00,12000,229000,18.35,18.4,18.35,18.35,-0.1,15
2019-12-19 00:00:00,5000,99000,18.35,18.4,18.35,18.4,0.05,7
2019-12-20 00:00:00,21000,391000,18.35,18.45,18.3,18.35,-0.05,16
2019-12-23 00:00:00,2000,40000,18.4,18.4,18.4,18.4,0.05,3
2019-12-24 00:00:00,6000,115000,18.35,18.35,18.3,18.3,-0.1,8
2019-12-25 00:00:00,32000,590000,18.35,18.4,18.3,18.4,0.1,22
2019-12-26 00:00:00,16000,291000,18.4,18.4,18.3,18.4,0,15
2019-12-27 00:00:00,12000,224000,18.4,18.4,18.4,18.4,0,9
2019-12-30 00:00:00,43000,788000,18.5,18.55,18.4,18.45,0.05,27
2019-12-31 00:00:00,4000,78000,18.4,18.5,18.4,18.5,0.05,8
2020-01-02 00:00:00,17000,313000,18.4,18.45,18.4,18.45,-0.05,10
2020-01-03 00:00:00,71000,1307000,18.3,18.55,18.3,18.4,-0.05,30
2020-01-06 00:00:00,29000,532000,18.45,18.45,18.3,18.4,0,19
2020-01-07 00:00:00,30000,542000,18.35,18.35,18.3,18.3,-0.1,18
2020-01-08 00:00:00,29000,533000,18.3,18.3,18.2,18.3,0,20
2020-01-09 00:00:00,17000,304000,18.3,18.3,18.25,18.25,-0.05,15
2020-01-10 00:00:00,3000,55000,18.4,18.4,18.35,18.35,0.1,3
2020-01-13 00:00:00,7000,120000,18.45,18.45,18.25,18.4,0.05,8
2020-01-14 00:00:00,38000,696000,18.3,18.45,18.25,18.4,0,19
2020-01-15 00:00:00,16000,299000,18.4,18.4,18.25,18.35,-0.05,13
2020-01-16 00:00:00,17000,312000,18.35,18.4,18.3,18.4,0.05,10
2020-01-17 00:00:00,1000,19000,18.4,18.4,18.4,18.4,0,2
2020-01-20 00:00:00,1450000,28547000,18.65,20.2,18.55,19.25,0.85,616
2020-01-30 00:00:00,615000,13003000,21.15,21.15,21.15,21.15,1.9,272
2020-01-31 00:00:00,10085000,233408000,23.25,23.25,22.65,23.25,2.1,4363
2020-02-03 00:00:00,2583000,56346000,23.25,23.3,20.95,20.95,-2.3,1288
2020-02-04 00:00:00,4414000,83565000,18.9,19.1,18.9,18.95,-2,1837
2020-02-05 00:00:00,1173000,22054000,19.1,19.25,18.5,18.55,-0.4,613
2020-02-06 00:00:00,480000,9016000,18.65,18.95,18.65,18.85,0.3,254
2020-02-07 00:00:00,350000,6526000,18.85,18.85,18.5,18.6,-0.25,182
2020-02-10 00:00:00,207000,3813000,18.55,18.6,18.25,18.45,-0.15,134
2020-02-11 00:00:00,117000,2166000,18.45,18.65,18.35,18.45,0,76
2020-02-12 00:00:00,167000,3086000,18.5,18.6,18.4,18.45,0,92
2020-02-13 00:00:00,310000,5709000,18.5,18.5,18.3,18.45,0,128
2020-02-14 00:00:00,95000,1753000,18.35,18.5,18.35,18.45,0,58
2020-02-17 00:00:00,128000,2361000,18.5,18.5,18.35,18.35,-0.1,76
2020-02-18 00:00:00,120000,2214000,18.4,18.5,18.35,18.45,0.1,60
2020-02-19 00:00:00,144000,2680000,18.5,18.8,18.45,18.55,0.1,91
2020-02-20 00:00:00,152000,2841000,18.75,18.75,18.6,18.6,0.05,86
2020-02-21 00:00:00,70000,1302000,18.6,18.65,18.5,18.6,0,44
2020-02-24 00:00:00,159000,2929000,18.5,18.55,18.35,18.35,-0.25,97
2020-02-25 00:00:00,211000,3813000,18.1,18.2,18,18.1,-0.25,120
2020-02-26 00:00:00,119000,2162000,18.1,18.35,18.1,18.15,0.05,76
2020-02-27 00:00:00,155000,2802000,18.1,18.2,18,18.05,-0.1,80
2020-03-02 00:00:00,208000,3727000,18,18,17.8,17.85,-0.2,105
2020-03-03 00:00:00,159000,2870000,17.95,18.2,17.9,18.1,0.25,86
2020-03-04 00:00:00,134000,2396000,18.05,18.05,17.8,17.9,-0.2,65
2020-03-05 00:00:00,63000,1140000,18.05,18.15,17.95,18.05,0.15,50
2020-03-06 00:00:00,150000,2693000,17.8,18.1,17.8,18,-0.05,69
2020-03-09 00:00:00,233000,4194000,17.9,18.15,17.85,17.9,-0.1,107
2020-03-10 00:00:00,126000,2231000,17.55,17.95,17.5,17.9,0,77
2020-03-11 00:00:00,103000,1853000,17.95,18.05,17.9,17.9,0,55
2020-03-12 00:00:00,335000,5961000,17.75,17.9,17.65,17.85,-0.05,139
2020-03-13 00:00:00,463000,7765000,17.5,17.5,16.5,16.7,-1.15,208
2020-03-16 00:00:00,224000,3733000,16.7,17,16.45,16.7,0,108
2020-03-17 00:00:00,224000,3597000,16.5,16.5,15.95,16,-0.7,132
2020-03-18 00:00:00,270000,4201000,15.45,15.9,15.3,15.5,-0.5,155
2020-03-19 00:00:00,352000,4994000,15.1,15.1,13.95,13.95,-1.55,179
2020-03-20 00:00:00,168000,2431000,14.1,14.7,14.1,14.55,0.6,81
2020-03-23 00:00:00,64000,909000,13.2,14.55,13.2,14.5,-0.05,39
2020-03-24 00:00:00,49000,731000,14.5,15.5,14.5,15.35,0.85,32
2020-03-25 00:00:00,188000,3009000,15.5,16.15,15.5,15.9,0.55,75
2020-03-26 00:00:00,40000,644000,16.1,16.25,15.9,16,0.1,28
2020-03-27 00:00:00,57000,917000,16.05,16.3,15.8,16.1,0.1,43
2020-03-30 00:00:00,82000,1325000,16,16.3,15.8,16.3,0.2,38
2020-03-31 00:00:00,89000,1468000,16.3,16.6,16.3,16.6,0.3,47
2020-04-01 00:00:00,10000,165000,16.35,16.7,16.35,16.6,0,9
2020-04-06 00:00:00,47000,766000,16.6,16.6,16.15,16.5,-0.1,32
2020-04-07 00:00:00,54000,893000,16.55,16.65,16.5,16.5,0,29
2020-04-08 00:00:00,55000,913000,16.65,16.65,16.55,16.65,0.15,39
2020-04-09 00:00:00,34000,567000,16.65,16.8,16.6,16.65,0,31
2020-04-10 00:00:00,51000,842000,16.65,16.7,16.5,16.65,0,41
2020-04-13 00:00:00,24000,401000,16.5,16.7,16.4,16.65,0,18
2020-04-14 00:00:00,35000,585000,16.65,16.85,16.65,16.75,0.1,27
2020-04-15 00:00:00,94000,1585000,16.85,17.1,16.8,17.1,0.35,36
2020-04-16 00:00:00,78000,1328000,17,17.15,16.9,17.15,0.05,38
2020-04-17 00:00:00,82000,1409000,17.3,17.3,17.1,17.2,0.05,35
2020-04-20 00:00:00,27000,461000,17.15,17.15,17,17.15,-0.05,15
2020-04-21 00:00:00,103000,1751000,17.05,17.05,16.9,17,-0.15,43
2020-04-22 00:00:00,45000,763000,16.8,17.1,16.6,17.05,0.05,30
2020-04-23 00:00:00,74000,1265000,17.1,17.1,16.95,17,-0.05,37
2020-04-24 00:00:00,82000,1416000,17.6,17.6,17.15,17.3,0.3,32
2020-04-27 00:00:00,91000,1601000,17.55,17.75,17.15,17.65,0.35,33
2020-04-28 00:00:00,86000,1540000,17.65,18,17.65,17.8,0.15,46
2020-04-29 00:00:00,61000,1097000,17.8,18,17.65,17.9,0.1,34
2020-04-30 00:00:00,106000,1898000,17.9,18,17.8,17.95,0.05,65
2020-05-04 00:00:00,57000,1017000,17.9,17.9,17.5,17.9,-0.05,25
2020-05-05 00:00:00,41000,740000,17.7,17.9,17.7,17.85,-0.05,21
2020-05-06 00:00:00,127000,2297000,17.85,18.15,17.85,18.1,0.25,58
2020-05-07 00:00:00,84000,1535000,18.3,18.45,18.15,18.2,0.1,47
2020-05-08 00:00:00,63000,1144000,18.2,18.2,18.1,18.15,-0.05,29
2020-05-11 00:00:00,109000,1974000,18.2,18.25,18.05,18.05,-0.1,57
2020-05-12 00:00:00,39000,699000,17.9,17.95,17.85,17.9,-0.15,17
2020-05-13 00:00:00,68000,1212000,17.65,17.9,17.65,17.8,-0.1,42
2020-05-14 00:00:00,54000,956000,17.65,17.75,17.6,17.75,-0.05,39
2020-05-15 00:00:00,72000,1270000,17.9,17.9,17.55,17.65,-0.1,44
2020-05-18 00:00:00,27000,468000,17.5,17.65,17.5,17.6,-0.05,25
2020-05-19 00:00:00,47000,833000,17.7,17.9,17.7,17.8,0.2,34
2020-05-20 00:00:00,18000,322000,17.8,17.85,17.7,17.85,0.05,17
2020-05-21 00:00:00,35000,618000,17.7,17.95,17.7,17.85,0,29
2020-05-22 00:00:00,42000,751000,17.85,17.9,17.75,17.75,-0.1,24
2020-05-25 00:00:00,66000,1192000,17.65,18,17.65,18,0.25,25
2020-05-26 00:00:00,65000,1173000,18.05,18.1,17.9,17.95,-0.05,32
2020-05-27 00:00:00,70000,1259000,17.95,18.15,17.85,18.1,0.15,39
2020-05-28 00:00:00,69000,1231000,18.1,18.1,17.85,17.85,-0.25,39
2020-05-29 00:00:00,25000,444000,17.85,18,17.75,18,0.15,20
2020-06-01 00:00:00,22000,389000,17.95,18,17.95,17.95,-0.05,15
2020-06-02 00:00:00,72000,1300000,18.05,18.15,17.95,18,0.05,37
2020-06-03 00:00:00,35000,633000,18,18.1,17.85,18.05,0.05,26
2020-06-04 00:00:00,55000,996000,18.05,18.1,18,18,-0.05,37
2020-06-05 00:00:00,113000,2059000,18,18.25,18,18.2,0.2,46
2020-06-08 00:00:00,75000,1358000,18.2,18.25,18.05,18.05,-0.15,50
2020-06-09 00:00:00,105000,1909000,18.05,18.3,18,18.3,0.25,43
2020-06-10 00:00:00,86000,1560000,18.1,18.25,18,18.1,-0.2,59
2020-06-11 00:00:00,119000,2121000,18,18,17.55,17.65,-0.45,66
2020-06-12 00:00:00,50000,878000,17.4,17.85,17.3,17.75,0.1,27
2020-06-15 00:00:00,77000,1380000,17.8,17.9,17.8,17.8,0.05,37
2020-06-16 00:00:00,52000,937000,17.85,18.1,17.8,17.9,0.1,29
2020-06-17 00:00:00,45000,812000,18,18,17.95,18,0.1,25
2020-06-18 00:00:00,55000,989000,18.05,18.1,18,18.05,0.05,37
2020-06-19 00:00:00,69000,1245000,18,18.1,17.95,17.95,-0.1,34
2020-06-22 00:00:00,88000,1584000,17.95,18,17.9,17.9,-0.05,57
2020-06-23 00:00:00,34000,603000,17.9,17.9,17.85,17.85,-0.05,24
2020-06-24 00:00:00,69000,1227000,17.85,18.05,17.8,17.9,0.05,38
2020-06-29 00:00:00,20000,362000,17.95,18,17.9,17.95,0.05,19
2020-06-30 00:00:00,31000,561000,18,18,17.9,17.95,0,22
2020-07-01 00:00:00,79000,1423000,18.15,18.15,17.9,18,0.05,39
2020-07-02 00:00:00,123000,2200000,17.95,18.05,17.9,18.05,0.05,64
2020-07-03 00:00:00,407000,7398000,18.05,18.3,18,18.15,0.1,184
2020-07-06 00:00:00,133000,2292000,17.2,17.3,17.2,17.2,0.15,94
2020-07-07 00:00:00,118000,2028000,17.3,17.35,17.2,17.3,0.1,59
2020-07-08 00:00:00,99000,1701000,17.15,17.2,17.1,17.15,-0.15,67
2020-07-09 00:00:00,158000,2690000,17.15,17.15,16.95,17,-0.15,76
2020-07-10 00:00:00,99000,1682000,17.1,17.1,16.8,16.9,-0.1,54
2020-07-13 00:00:00,32000,535000,16.95,17,16.9,17,0.1,29
2020-07-14 00:00:00,20000,342000,16.95,16.95,16.8,16.9,-0.1,17
2020-07-15 00:00:00,40000,676000,17,17,16.8,16.9,0,24
2020-07-16 00:00:00,16000,277000,16.8,16.85,16.8,16.85,-0.05,19
2020-07-17 00:00:00,28000,474000,16.85,16.9,16.85,16.85,0,18
2020-07-20 00:00:00,25000,419000,16.9,16.95,16.65,16.75,-0.1,20
2020-07-21 00:00:00,21000,348000,16.75,16.9,16.75,16.9,0.15,21
2020-07-22 00:00:00,14000,236000,16.9,16.9,16.8,16.8,-0.1,14
2020-07-23 00:00:00,16000,276000,16.9,16.9,16.8,16.9,0.1,12
2020-07-24 00:00:00,67000,1123000,16.9,16.9,16.7,16.8,-0.1,35
2020-07-27 00:00:00,38000,629000,16.55,16.65,16.5,16.55,-0.25,24
2020-07-28 00:00:00,35000,577000,16.6,16.6,16.15,16.55,0,30
2020-07-29 00:00:00,20000,330000,16.45,16.55,16.45,16.5,-0.05,13
2020-07-30 00:00:00,20000,337000,16.65,16.8,16.55,16.8,0.3,15
2020-07-31 00:00:00,18000,297000,16.6,16.7,16.6,16.6,-0.2,15
2020-08-03 00:00:00,56000,929000,16.6,16.6,16.55,16.6,0,16
2020-08-04 00:00:00,10000,167000,16.6,16.8,16.6,16.7,0.1,8
2020-08-05 00:00:00,15000,244000,16.8,16.8,16.55,16.75,0.05,16
2020-08-06 00:00:00,31000,522000,16.65,16.8,16.65,16.8,0.05,28
2020-08-07 00:00:00,12000,202000,16.85,16.85,16.65,16.7,-0.1,14
2020-08-10 00:00:00,52000,871000,16.7,16.75,16.7,16.75,0.05,25
2020-08-11 00:00:00,106000,1772000,16.75,16.75,16.65,16.7,-0.05,40
2020-08-12 00:00:00,35000,591000,16.6,16.7,16.6,16.7,0,23
2020-08-13 00:00:00,19000,325000,16.7,16.7,16.65,16.65,-0.05,20
2020-08-14 00:00:00,69000,1145000,16.55,16.6,16.55,16.6,-0.05,39
2020-08-17 00:00:00,54000,903000,16.6,16.7,16.55,16.7,0.1,32
2020-08-18 00:00:00,34000,565000,16.6,16.7,16.6,16.6,-0.1,23
2020-08-19 00:00:00,36000,599000,16.6,16.65,16.45,16.5,-0.1,28
2020-08-20 00:00:00,69000,1128000,16.45,16.55,15.95,16.4,-0.1,44
2020-08-21 00:00:00,33000,547000,16.4,16.7,16.4,16.6,0.2,18
2020-08-24 00:00:00,45000,747000,16.6,16.65,16.45,16.65,0.05,27
2020-08-25 00:00:00,9000,150000,16.65,16.7,16.65,16.7,0.05,8
2020-08-26 00:00:00,18000,299000,16.6,16.6,16.55,16.6,-0.1,5
2020-08-27 00:00:00,12000,200000,16.65,16.65,16.5,16.5,-0.1,11
2020-08-28 00:00:00,35000,580000,16.55,16.7,16.5,16.5,0,10
2020-08-31 00:00:00,26000,435000,16.5,16.55,16.5,16.5,0,14
2020-09-01 00:00:00,21000,350000,16.5,16.5,16.45,16.45,-0.05,17
2020-09-02 00:00:00,51000,842000,16.65,16.65,16.45,16.45,0,15
2020-09-03 00:00:00,19000,308000,16.6,16.6,16.4,16.45,0,20
2020-09-04 00:00:00,24000,399000,16.4,16.5,16.4,16.45,0,13
2020-09-07 00:00:00,22000,366000,16.55,16.55,16.45,16.5,0.05,14
2020-09-08 00:00:00,52000,863000,16.65,16.65,16.4,16.5,0,20
2020-09-09 00:00:00,24000,398000,16.5,16.75,16.3,16.75,0.25,16
2020-09-10 00:00:00,10000,167000,16.75,16.75,16.5,16.5,-0.25,10
2020-09-11 00:00:00,10000,165000,16.65,16.65,16.45,16.45,-0.05,9
2020-09-14 00:00:00,30000,493000,17,17,16.6,16.6,0.15,18
2020-09-15 00:00:00,24000,403000,16.6,16.6,16.4,16.55,-0.05,20
2020-09-16 00:00:00,22000,353000,16.5,16.5,16.35,16.35,-0.2,18
2020-09-17 00:00:00,89000,1447000,16.4,16.4,16.15,16.15,-0.2,58
2020-09-18 00:00:00,13000,205000,16.35,16.4,16.3,16.4,0.25,12
2020-09-21 00:00:00,102000,1651000,16.45,16.45,16.1,16.3,-0.1,51
2020-09-22 00:00:00,53000,853000,16.05,16.25,16.05,16.15,-0.15,28
2020-09-23 00:00:00,33000,533000,16.2,16.2,16.05,16.2,0.05,15
2020-09-24 00:00:00,51000,817000,16.1,16.1,16,16.1,-0.1,20
2020-09-25 00:00:00,32000,510000,16.05,16.1,15.8,15.8,-0.3,24
2020-09-28 00:00:00,56000,895000,15.95,16,15.8,16,0.2,25
2020-09-29 00:00:00,7000,114000,16,16,15.9,16,0,8
2020-09-30 00:00:00,8000,128000,16,16.1,15.95,15.95,-0.05,8
2020-10-05 00:00:00,15000,239000,16.1,16.1,15.85,16,0.05,12
2020-10-06 00:00:00,11000,180000,16,16.05,15.95,16.05,0.05,13
2020-10-07 00:00:00,21000,328000,16.05,16.05,15.95,15.95,-0.1,17
2020-10-08 00:00:00,11000,179000,16,16,16,16,0.05,8
2020-10-12 00:00:00,13000,207000,16,16,15.9,15.9,-0.1,3
2020-10-13 00:00:00,20000,318000,15.9,15.9,15.9,15.9,0,13
2020-10-14 00:00:00,15000,243000,15.9,15.9,15.8,15.85,-0.05,14
2020-10-15 00:00:00,65000,1034000,15.8,15.9,15.8,15.9,0.05,23
2020-10-16 00:00:00,31000,492000,15.95,15.95,15.8,15.8,-0.1,17
2020-10-19 00:00:00,22000,345000,15.85,15.85,15.8,15.85,0.05,16
2020-10-20 00:00:00,20000,321000,15.9,15.95,15.85,15.95,0.1,19
2020-10-21 00:00:00,10000,161000,15.95,16,15.95,15.95,0,11
2020-10-22 00:00:00,9000,139000,15.95,15.95,15.9,15.95,0,11
2020-10-23 00:00:00,6000,91000,16,16,15.95,15.95,0,8
2020-10-26 00:00:00,14000,216000,15.95,15.95,15.9,15.95,0,11
2020-10-27 00:00:00,21000,332000,15.9,15.95,15.8,15.95,0,18
2020-10-28 00:00:00,40000,633000,15.95,15.95,15.9,15.9,-0.05,16
2020-10-29 00:00:00,16000,246000,15.9,15.9,15.8,15.85,-0.05,18
2020-10-30 00:00:00,6000,95000,15.85,15.9,15.85,15.9,0.05,6
2020-11-02 00:00:00,3000,49000,15.9,15.9,15.9,15.9,0,2
2020-11-03 00:00:00,23000,360000,15.9,15.9,15.8,15.85,-0.05,14
2020-11-04 00:00:00,13000,205000,15.9,15.9,15.9,15.9,0.05,9
2020-11-05 00:00:00,2000,35000,15.9,15.9,15.9,15.9,0,5
2020-11-06 00:00:00,29000,453000,15.9,15.95,15.8,15.8,-0.1,24
2020-11-09 00:00:00,18000,279000,15.8,15.95,15.8,15.9,0.1,14
2020-11-10 00:00:00,18000,287000,15.9,15.9,15.85,15.85,-0.05,14
2020-11-11 00:00:00,27000,430000,15.9,15.9,15.8,15.8,-0.05,14
2020-11-12 00:00:00,45000,714000,15.8,15.95,15.8,15.85,0.05,20
2020-11-13 00:00:00,44000,703000,15.9,15.9,15.8,15.85,0,15
2020-11-16 00:00:00,34000,531000,15.95,15.95,15.8,15.85,0,27
2020-11-17 00:00:00,102000,1601000,15.85,15.85,15.65,15.75,-0.1,54
2020-11-18 00:00:00,30000,483000,15.75,16.05,15.75,15.85,0.1,23
2020-11-19 00:00:00,21000,334000,15.75,15.9,15.7,15.85,0,16
2020-11-20 00:00:00,59000,941000,15.9,15.95,15.85,15.9,0.05,31
2020-11-23 00:00:00,24000,382000,15.9,15.9,15.9,15.9,0,16
2020-11-24 00:00:00,44000,693000,15.95,15.95,15.85,15.95,0.05,29
2020-11-25 00:00:00,85000,1364000,16,16.1,15.95,16.05,0.1,48
2020-11-26 00:00:00,66000,1065000,16.15,16.15,15.95,16.1,0.05,40
2020-11-27 00:00:00,119000,1918000,16.1,16.3,16.1,16.15,0.05,63
2020-11-30 00:00:00,37000,597000,16.15,16.25,16.05,16.05,-0.1,33
2020-12-01 00:00:00,98000,1568000,16.05,16.1,15.8,16.1,0.05,48
2020-12-02 00:00:00,87000,1387000,16,16.05,15.9,15.9,-0.2,40
2020-12-03 00:00:00,51000,805000,16,16,15.8,15.85,-0.05,36
2020-12-04 00:00:00,115000,1823000,15.85,15.9,15.8,15.9,0.05,60
2020-12-07 00:00:00,132000,2099000,15.9,15.9,15.85,15.85,-0.05,50
2020-12-08 00:00:00,116000,1844000,15.9,15.9,15.8,15.9,0.05,54
2020-12-09 00:00:00,112000,1774000,15.9,15.95,15.8,15.9,0,42
2020-12-10 00:00:00,69000,1098000,15.8,15.85,15.8,15.85,-0.05,27
2020-12-11 00:00:00,55000,875000,15.85,16.05,15.8,15.85,0,28
2020-12-14 00:00:00,39000,612000,15.9,15.95,15.8,15.9,0.05,19
2020-12-15 00:00:00,75000,1205000,15.95,16,15.9,15.9,0,41
2020-12-16 00:00:00,28000,453000,15.9,16,15.85,16,0.1,20
2020-12-17 00:00:00,46000,731000,15.95,15.95,15.8,15.9,-0.1,21
2020-12-18 00:00:00,39000,623000,15.85,16,15.85,15.95,0.05,25
2020-12-21 00:00:00,38000,611000,15.95,15.95,15.85,15.9,-0.05,20
2020-12-22 00:00:00,34000,535000,15.9,15.95,15.85,15.85,-0.05,19
2020-12-23 00:00:00,27000,434000,15.95,15.95,15.85,15.85,0,21
2020-12-24 00:00:00,18000,286000,15.9,15.9,15.85,15.85,0,11
2020-12-25 00:00:00,47000,747000,15.9,15.95,15.85,15.9,0.05,23
2020-12-28 00:00:00,63000,1007000,15.85,15.9,15.85,15.85,-0.05,41
2020-12-29 00:00:00,44000,695000,15.9,15.9,15.85,15.9,0.05,26
2020-12-30 00:00:00,143000,2293000,15.9,16.3,15.9,16.25,0.35,66
2020-12-31 00:00:00,222000,3651000,16.45,16.55,16.35,16.4,0.15,109
2021-01-04 00:00:00,100000,1622000,16.45,16.45,16,16.3,-0.1,54
2021-01-05 00:00:00,32000,520000,16.3,16.3,16.15,16.3,0,27
2021-01-06 00:00:00,51000,826000,16.5,16.5,16.05,16.05,-0.25,38
2021-01-07 00:00:00,34000,552000,16.05,16.05,15.95,16,-0.05,27
2021-01-08 00:00:00,33000,534000,16.05,16.1,16,16,0,24
2021-01-11 00:00:00,34000,534000,16.05,16.05,15.85,15.9,-0.1,33
2021-01-12 00:00:00,43000,684000,15.9,15.9,15.85,15.85,-0.05,20
2021-01-13 00:00:00,44000,700000,15.85,15.9,15.85,15.9,0.05,28
2021-01-14 00:00:00,30000,479000,15.95,16,15.75,16,0.1,30
2021-01-15 00:00:00,42000,671000,16,16,15.75,15.95,-0.05,35
2021-01-18 00:00:00,24000,387000,15.85,15.9,15.8,15.8,-0.15,17
2021-01-19 00:00:00,54000,860000,15.9,15.9,15.75,15.8,0,29
2021-01-20 00:00:00,64000,1004000,15.75,15.75,15.65,15.65,-0.15,33
2021-01-21 00:00:00,38000,600000,15.6,15.75,15.6,15.75,0.1,20
2021-01-22 00:00:00,44000,694000,15.7,15.7,15.55,15.7,-0.05,34
2021-01-25 00:00:00,26000,407000,15.55,15.7,15.55,15.65,-0.05,22
2021-01-26 00:00:00,29000,453000,15.65,15.65,15.5,15.65,0,21
2021-01-27 00:00:00,36000,560000,15.5,15.6,15.45,15.5,-0.15,27
2021-01-28 00:00:00,53000,810000,15.45,15.5,15.35,15.5,0,29
2021-01-29 00:00:00,25000,389000,15.55,15.6,15.35,15.5,0,22
2021-02-01 00:00:00,19000,295000,15.55,15.55,15.45,15.5,0,13
2021-02-02 00:00:00,46000,714000,15.5,15.65,15.5,15.65,0.15,30
2021-02-03 00:00:00,27000,424000,15.65,15.7,15.55,15.55,-0.1,19
2021-02-04 00:00:00,61000,959000,15.75,15.9,15.7,15.9,0.35,46
2021-02-05 00:00:00,7000,118000,15.9,15.9,15.8,15.9,0,13
2021-02-17 00:00:00,52000,821000,15.9,16,15.9,15.95,0.05,22
2021-02-18 00:00:00,74000,1190000,15.95,16,15.95,16,0.05,40
2021-02-19 00:00:00,64000,1025000,16,16,15.8,16,0,35
2021-02-22 00:00:00,137000,2171000,15.9,15.9,15.75,15.85,-0.15,78
2021-02-23 00:00:00,60000,952000,15.85,15.9,15.8,15.9,0.05,38
2021-02-24 00:00:00,43000,690000,15.85,15.9,15.8,15.9,0,28
2021-02-25 00:00:00,42000,675000,15.9,15.95,15.9,15.95,0.05,23
2021-02-26 00:00:00,72000,1148000,15.95,15.95,15.85,15.9,-0.05,36
2021-03-02 00:00:00,78000,1252000,15.95,16,15.9,15.95,0.05,45
2021-03-03 00:00:00,61000,970000,15.85,15.95,15.8,15.95,0,33
2021-03-04 00:00:00,12000,192000,15.95,16,15.9,15.95,0,14
2021-03-05 00:00:00,14000,227000,15.95,15.95,15.95,15.95,0,19
2021-03-08 00:00:00,37000,594000,15.95,16.1,15.9,15.95,0,41
2021-03-09 00:00:00,31000,487000,15.9,15.95,15.75,15.95,0,26
2021-03-10 00:00:00,32000,511000,15.95,16,15.9,15.95,0,31
2021-03-11 00:00:00,89000,1427000,15.95,16.05,15.9,16,0.05,47
2021-03-12 00:00:00,37000,585000,16,16.1,15.9,16.05,0.05,43
2021-03-15 00:00:00,154000,2450000,16.05,16.05,15.75,15.95,-0.1,71
2021-03-16 00:00:00,95000,1493000,15.95,15.95,15.65,15.8,-0.15,63
2021-03-17 00:00:00,31000,498000,15.75,15.95,15.75,15.9,0.1,23
2021-03-18 00:00:00,20000,323000,15.9,15.95,15.85,15.9,0,24
2021-03-19 00:00:00,45000,719000,15.8,16,15.8,16,0.1,24
2021-03-22 00:00:00,52000,831000,15.9,16,15.9,15.95,-0.05,30
2021-03-23 00:00:00,45000,722000,15.95,16,15.9,15.95,0,43
2021-03-24 00:00:00,43000,688000,16,16,15.9,16,0.05,44
2021-03-25 00:00:00,38000,607000,16,16,15.9,16,0,34
2021-03-26 00:00:00,146000,2327000,16,16.05,15.9,16.05,0.05,53
2021-03-29 00:00:00,147000,2345000,16.05,16.05,15.85,15.95,-0.1,58
2021-03-30 00:00:00,95000,1519000,15.95,16.05,15.95,16.05,0.1,91
2021-03-31 00:00:00,43000,689000,16,16,15.9,15.9,-0.15,26
2021-04-01 00:00:00,75000,1206000,15.95,16.05,15.95,16.05,0.15,33
2021-04-06 00:00:00,116000,1867000,16.1,16.1,16,16.1,0.05,47
2021-04-07 00:00:00,110000,1766000,16.15,16.15,16,16.15,0.05,53
2021-04-08 00:00:00,163000,2626000,16.2,16.2,16,16.15,0,57
2021-04-09 00:00:00,676000,11320000,16.35,17.3,16.35,16.95,0.8,321
2021-04-12 00:00:00,325000,5539000,17,17.1,16.95,17.05,0.1,273
2021-04-13 00:00:00,118000,2002000,17.05,17.05,16.85,17,-0.05,83
2021-04-14 00:00:00,179000,2976000,17,17,16.45,16.55,-0.45,122
2021-04-15 00:00:00,64000,1069000,16.55,16.9,16.55,16.8,0.25,43
2021-04-16 00:00:00,83000,1399000,16.9,17,16.85,16.95,0.15,63
2021-04-19 00:00:00,289000,4933000,17.15,17.15,16.95,17.05,0.1,145
2021-04-20 00:00:00,137000,2332000,17.05,17.15,17,17.15,0.1,74
2021-04-21 00:00:00,72000,1224000,17.15,17.2,17,17.05,-0.1,83
2021-04-22 00:00:00,230000,3931000,17.1,17.15,16.95,16.95,-0.1,109
2021-04-23 00:00:00,99000,1667000,16.85,17.1,16.8,16.8,-0.15,137
2021-04-26 00:00:00,129000,2170000,16.95,16.95,16.8,16.8,0,83
2021-04-27 00:00:00,35000,582000,16.85,16.9,16.8,16.8,0,30
2021-04-28 00:00:00,269000,4552000,16.8,17.15,16.65,17.05,0.25,165
2021-04-29 00:00:00,130000,2218000,17.2,17.2,16.9,16.9,-0.15,65
2021-05-03 00:00:00,119000,1980000,16.8,16.9,16.6,16.6,-0.3,67
2021-05-04 00:00:00,110000,1798000,16.6,16.65,16.1,16.4,-0.2,74
2021-05-05 00:00:00,48000,788000,16.4,16.5,16.15,16.4,0,30
2021-05-06 00:00:00,28000,465000,16.75,16.75,16.45,16.5,0.1,22
2021-05-07 00:00:00,32000,537000,16.7,16.75,16.5,16.7,0.2,23
2021-05-10 00:00:00,642000,11074000,17.2,17.45,17.1,17.25,0.55,303
2021-05-11 00:00:00,385000,6615000,17.2,17.35,16.95,17.1,-0.15,173
2021-05-12 00:00:00,251000,4163000,17.1,17.15,15.9,16.55,-0.55,132
2021-05-13 00:00:00,126000,2063000,16.5,16.55,16.1,16.3,-0.25,56
2021-05-14 00:00:00,70000,1138000,16.6,16.7,16.25,16.35,0.05,38
2021-05-17 00:00:00,289000,4605000,15.55,16.35,15.55,16.3,-0.05,125
2021-05-18 00:00:00,193000,3148000,15.8,16.8,15.8,16.6,0.3,76
2021-05-19 00:00:00,19000,313000,16.4,16.55,16.4,16.55,-0.05,34
2021-05-20 00:00:00,72000,1194000,16.6,16.7,16.45,16.55,0,33
2021-05-21 00:00:00,135000,2254000,16.65,16.9,16.55,16.9,0.35,79
2021-05-24 00:00:00,56000,945000,16.8,17.1,16.75,16.8,-0.1,35
2021-05-25 00:00:00,121000,2044000,16.8,17,16.75,16.9,0.1,53
2021-05-26 00:00:00,47000,792000,16.9,16.9,16.8,16.8,-0.1,44
2021-05-27 00:00:00,33000,556000,16.7,16.75,16.65,16.75,-0.05,18
2021-05-28 00:00:00,70000,1174000,16.75,16.8,16.6,16.75,0,91
2021-05-31 00:00:00,31000,521000,16.8,16.85,16.75,16.75,0,14
2021-06-01 00:00:00,39000,653000,16.7,16.75,16.7,16.75,0,46
2021-06-02 00:00:00,119000,2012000,16.9,17.2,16.75,16.8,0.05,35
2021-06-03 00:00:00,178000,3024000,16.85,17.1,16.85,17.1,0.3,91
2021-06-04 00:00:00,72000,1230000,17.1,17.1,16.95,17.05,-0.05,32
2021-06-07 00:00:00,148000,2524000,17.1,17.15,16.9,17,-0.05,59
2021-06-08 00:00:00,124000,2130000,17.1,17.25,17.05,17.2,0.2,69
2021-06-09 00:00:00,325000,5658000,17.3,17.6,17.3,17.35,0.15,183
2021-06-10 00:00:00,86000,1494000,17.4,17.45,17.25,17.25,-0.1,42
2021-06-11 00:00:00,92000,1594000,17.25,17.35,17.15,17.3,0.05,85
2021-06-15 00:00:00,99000,1710000,17.45,17.45,17.2,17.35,0.05,53
2021-06-16 00:00:00,71000,1240000,17.4,17.5,17.25,17.5,0.15,51
2021-06-17 00:00:00,61000,1064000,17.5,17.55,17.35,17.55,0.05,52
2021-06-18 00:00:00,189000,3258000,17.5,17.5,17.2,17.2,-0.35,111
2021-06-21 00:00:00,61000,1046000,17.2,17.3,17.05,17.25,0.05,31
2021-06-22 00:00:00,37000,639000,17.25,17.3,17.15,17.3,0.05,30
2021-06-23 00:00:00,71000,1231000,17.3,17.5,17.25,17.25,-0.05,53
2021-06-24 00:00:00,30000,521000,17.6,17.6,17.25,17.4,0.15,26
2021-06-25 00:00:00,87000,1512000,17.4,17.4,17.25,17.4,0,68
2021-06-28 00:00:00,119000,2065000,17.3,17.45,17.3,17.45,0.05,56
2021-06-29 00:00:00,70000,1224000,17.5,17.55,17.35,17.5,0.05,44
2021-06-30 00:00:00,169000,2955000,17.5,17.7,17.4,17.65,0.15,90
2021-07-01 00:00:00,520000,9330000,17.8,18.2,17.7,17.8,0.15,258
2021-07-02 00:00:00,211000,3740000,17.8,17.9,17.5,17.55,-0.25,157
2021-07-05 00:00:00,83000,1468000,17.55,17.95,17.55,17.8,0.25,69
2021-07-06 00:00:00,35000,622000,17.8,17.8,17.7,17.8,0,41
2021-07-07 00:00:00,85000,1499000,17.6,17.75,17.55,17.7,-0.1,60
2021-07-08 00:00:00,146000,2606000,17.9,18.05,17.75,17.8,0.1,102
2021-07-09 00:00:00,141000,2511000,17.9,18,17.65,17.9,0.1,80
2021-07-12 00:00:00,185000,3317000,18.1,18.1,17.8,17.9,0,93
2021-07-13 00:00:00,239000,4245000,17.9,17.95,17.7,17.75,-0.15,80
2021-07-14 00:00:00,264000,4665000,17.6,17.8,17.6,17.65,-0.1,133
2021-07-15 00:00:00,153000,2619000,16.95,17.3,16.9,17.15,0.3,120
2021-07-16 00:00:00,57000,983000,17.15,17.3,17.05,17.2,0.05,54
2021-07-19 00:00:00,77000,1314000,17.25,17.25,17,17.1,-0.1,40
2021-07-20 00:00:00,63000,1063000,17.1,17.1,16.95,17.1,0,32
2021-07-21 00:00:00,88000,1489000,16.9,16.95,16.85,16.95,-0.15,35
2021-07-22 00:00:00,53000,895000,16.9,17.15,16.8,16.8,-0.15,67
2021-07-23 00:00:00,127000,2133000,16.85,16.9,16.7,16.85,0.05,90
2021-07-26 00:00:00,44000,743000,17,17,16.8,16.8,-0.05,28
2021-07-27 00:00:00,56000,931000,16.8,16.8,16.75,16.8,0,39
2021-07-28 00:00:00,21000,352000,16.8,16.8,16.6,16.65,-0.15,19
2021-07-29 00:00:00,35000,575000,16.65,16.7,16.6,16.65,0,45
2021-07-30 00:00:00,21000,353000,16.75,16.75,16.65,16.65,0,18
2021-08-02 00:00:00,61000,1017000,16.65,16.65,16.55,16.65,0,35
2021-08-03 00:00:00,21000,351000,16.65,16.7,16.55,16.7,0.05,15
2021-08-04 00:00:00,37000,621000,16.6,16.75,16.55,16.75,0.05,30
2021-08-05 00:00:00,30000,506000,16.7,16.85,16.7,16.75,0,25
2021-08-06 00:00:00,11000,189000,16.8,16.85,16.75,16.85,0.1,10
2021-08-09 00:00:00,60000,1012000,16.85,17,16.85,16.95,0.1,34
2021-08-10 00:00:00,101000,1726000,17,17.15,17,17,0.05,70
2021-08-11 00:00:00,146000,2475000,17.1,17.1,16.75,16.8,-0.2,101
2021-08-12 00:00:00,52000,871000,16.9,16.9,16.65,16.65,-0.15,65
2021-08-13 00:00:00,267000,4454000,16.65,16.7,16.55,16.65,0,67
2021-08-16 00:00:00,59000,995000,16.55,16.9,16.55,16.9,0.25,50
2021-08-17 00:00:00,17000,295000,17.15,17.15,16.9,16.9,0,16
2021-08-18 00:00:00,45000,753000,16.65,16.75,16.65,16.75,-0.15,33
2021-08-19 00:00:00,56000,918000,16.65,16.65,16.4,16.5,-0.25,37
2021-08-20 00:00:00,18000,298000,16.5,16.65,16.4,16.65,0.15,20
2021-08-23 00:00:00,10000,172000,16.65,16.7,16.6,16.7,0.05,14
2021-08-24 00:00:00,113000,1868000,16.6,16.6,16.5,16.6,-0.1,13
2021-08-25 00:00:00,35000,575000,16.8,16.8,16.45,16.6,0,54
2021-08-26 00:00:00,26000,431000,16.6,16.65,16.55,16.65,0.05,6
2021-08-27 00:00:00,10000,175000,16.65,16.7,16.65,16.65,0,13
2021-08-30 00:00:00,14000,236000,16.65,16.7,16.65,16.65,0,12
2021-08-31 00:00:00,16000,267000,16.7,16.75,16.65,16.7,0.05,12
2021-09-01 00:00:00,57000,955000,16.7,16.8,16.65,16.7,0,35
2021-09-02 00:00:00,32000,539000,16.7,16.7,16.65,16.65,-0.05,19
2021-09-03 00:00:00,70000,1180000,16.65,16.85,16.65,16.8,0.15,27
2021-09-06 00:00:00,108000,1825000,16.85,17.1,16.8,17.05,0.25,39
2021-09-07 00:00:00,62000,1063000,17.1,17.15,16.95,17,-0.05,35
2021-09-08 00:00:00,65000,1098000,16.95,17,16.7,16.7,-0.3,27
2021-09-09 00:00:00,28000,473000,16.85,16.95,16.85,16.9,0.2,13
2021-09-10 00:00:00,60000,1011000,17,17,16.75,16.85,-0.05,63
2021-09-13 00:00:00,15000,253000,16.85,16.9,16.85,16.9,0.05,9
2021-09-14 00:00:00,117000,1984000,17.2,17.2,16.95,17.05,0.15,52
2021-09-15 00:00:00,96000,1636000,17.05,17.15,16.9,17.05,0,67
2021-09-16 00:00:00,886000,15825000,17.1,18.55,17.1,18,0.95,447
2021-09-17 00:00:00,233000,4095000,18,18,17.15,17.35,-0.65,118
2021-09-22 00:00:00,118000,1996000,17.05,17.05,16.75,16.95,-0.4,64
2021-09-23 00:00:00,63000,1072000,16.95,17.05,16.95,17,0.05,26
2021-09-24 00:00:00,16000,267000,17.1,17.2,17,17.1,0.1,24
2021-09-27 00:00:00,85000,1455000,17.05,17.1,17,17.05,-0.05,46
2021-09-28 00:00:00,52000,886000,16.95,17.1,16.9,17.05,0,75
2021-09-29 00:00:00,104000,1753000,16.85,16.95,16.75,16.9,-0.15,39
2021-09-30 00:00:00,148000,2498000,16.9,17.05,16.8,17,0.1,41
2021-10-01 00:00:00,95000,1613000,17,17,16.8,16.8,-0.2,31
2021-10-04 00:00:00,115000,1902000,16.8,16.85,16,16.7,-0.1,46
2021-10-05 00:00:00,111000,1886000,17,17.1,16.75,17.05,0.35,43
2021-10-06 00:00:00,170000,2878000,17.15,17.15,16.6,16.85,-0.2,104
2021-10-07 00:00:00,28000,466000,17,17.05,16.85,17,0.15,24
2021-10-08 00:00:00,34000,581000,17.05,17.15,17.05,17.15,0.15,12
2021-10-12 00:00:00,40000,683000,17,17.2,17,17.2,0.05,24
2021-10-13 00:00:00,112000,1935000,17.25,17.25,17.1,17.2,0,51
2021-10-14 00:00:00,3403000,63247000,17.2,18.9,17.2,18.9,1.7,1279
2021-10-15 00:00:00,2950000,60964000,20.5,20.75,20.1,20.75,1.85,895
2021-10-18 00:00:00,1832000,41781000,22.8,22.8,22.8,22.8,2.05,530
2021-10-19 00:00:00,13821000,311241000,23.8,23.8,21.1,23.4,0.6,6681
2021-10-20 00:00:00,4569000,102624000,23,23.4,21.7,22.25,-1.15,2745
2021-10-21 00:00:00,4710000,98224000,22.05,22.05,20.05,20.05,-2.2,2449
2021-10-22 00:00:00,3908000,74599000,19.8,19.9,18.45,18.75,-1.3,2129
2021-10-25 00:00:00,2354000,45599000,18.8,19.9,18.8,19.35,0.6,1346
2021-10-26 00:00:00,2243000,41764000,19,19.25,18.1,18.25,-1.1,1247
2021-10-27 00:00:00,866000,15838000,18.3,18.65,18.05,18.4,0.15,479
2021-10-28 00:00:00,574000,10596000,18.4,18.75,18.25,18.35,-0.05,335
2021-10-29 00:00:00,555000,10181000,18.55,18.6,18.1,18.1,-0.25,347
2021-11-01 00:00:00,1651000,30676000,18.2,19,18.15,18.55,0.45,607
2021-11-02 00:00:00,786000,14517000,18.9,18.9,18.2,18.3,-0.25,448
2021-11-03 00:00:00,387000,7130000,18.25,18.6,18.2,18.45,0.15,201
2021-11-04 00:00:00,1631000,30833000,18.4,19.2,18.4,18.5,0.05,912
2021-11-05 00:00:00,2592000,50474000,18.75,20.2,18.6,19.35,0.85,1550
2021-11-08 00:00:00,1198000,23109000,19.85,19.85,18.8,18.95,-0.4,649
2021-11-09 00:00:00,718000,13797000,19.2,19.6,18.95,19.1,0.15,370
2021-11-10 00:00:00,1108000,21593000,19.35,19.65,19.2,19.65,0.55,496
2021-11-11 00:00:00,1463000,28262000,19.65,19.95,18.8,19.1,-0.55,773
2021-11-12 00:00:00,867000,16194000,19.1,19.25,18.35,18.65,-0.45,409
2021-11-15 00:00:00,455000,8494000,18.75,18.95,18.55,18.65,0,206
2021-11-16 00:00:00,357000,6581000,18.45,18.55,18.35,18.45,-0.2,170
2021-11-17 00:00:00,181000,3374000,18.5,18.75,18.5,18.55,0.1,123
2021-11-18 00:00:00,225000,4193000,18.6,18.95,18.55,18.6,0.05,142
2021-11-19 00:00:00,145000,2681000,18.55,18.65,18.45,18.5,-0.1,99
2021-11-22 00:00:00,233000,4285000,18.4,18.5,18.3,18.45,-0.05,118
2021-11-23 00:00:00,203000,3759000,18.45,18.7,18.4,18.4,-0.05,117
2021-11-24 00:00:00,123000,2267000,18.45,18.6,18.4,18.5,0.1,96
2021-11-25 00:00:00,548000,10352000,18.5,19.3,18.45,19,0.5,329
2021-11-26 00:00:00,249000,4673000,18.95,19.05,18.6,18.6,-0.4,137
2021-11-29 00:00:00,432000,7805000,18.55,18.55,17.65,18.2,-0.4,282
2021-11-30 00:00:00,119000,2179000,18.35,18.4,18.2,18.25,0.05,83
2021-12-01 00:00:00,113000,2064000,18.25,18.3,18.15,18.25,0,82
2021-12-02 00:00:00,618000,11618000,18.4,19.1,18.4,18.75,0.5,351
2021-12-03 00:00:00,513000,9839000,18.8,19.5,18.75,19.15,0.4,305
2021-12-06 00:00:00,602000,11797000,19.35,19.8,19.25,19.65,0.5,370
2021-12-07 00:00:00,457000,8934000,19.9,19.95,19.25,19.5,-0.15,261
2021-12-08 00:00:00,419000,8227000,19.5,20,19.5,19.5,0,217
2021-12-09 00:00:00,262000,5057000,19.5,19.5,19.15,19.25,-0.25,196
2021-12-10 00:00:00,229000,4406000,19.25,19.5,19.05,19.4,0.15,120
2021-12-13 00:00:00,203000,3943000,19.7,19.7,19.25,19.25,-0.15,155
2021-12-14 00:00:00,182000,3480000,19.15,19.2,19,19.05,-0.2,108
2021-12-15 00:00:00,130000,2491000,19.05,19.25,19.05,19.25,0.2,80
2021-12-16 00:00:00,217000,4180000,19.25,19.45,19.1,19.3,0.05,111
2021-12-17 00:00:00,174000,3323000,19.15,19.2,19.05,19.15,-0.15,115
2021-12-20 00:00:00,175000,3330000,19.15,19.15,18.85,19,-0.15,73
2021-12-21 00:00:00,136000,2578000,19,19.05,18.8,19,0,89
2021-12-22 00:00:00,100000,1918000,19.05,19.25,19,19.15,0.15,58
2021-12-23 00:00:00,93000,1777000,19.15,19.25,19.1,19.2,0.05,56
2021-12-24 00:00:00,130000,2509000,19.35,19.35,19.2,19.3,0.1,67
2021-12-27 00:00:00,420000,8180000,19.35,19.8,19.25,19.45,0.15,222
2021-12-28 00:00:00,101000,1960000,19.6,19.6,19.25,19.45,0,75
2021-12-29 00:00:00,186000,3646000,19.4,19.7,19.3,19.6,0.15,120
2021-12-30 00:00:00,520000,10262000,19.75,19.95,19.7,19.75,0.15,205
2022-01-03 00:00:00,160000,3139000,19.75,19.8,19.55,19.6,-0.15,97
2022-01-04 00:00:00,432000,8589000,19.7,20.25,19.6,19.6,0,207
2022-01-05 00:00:00,142000,2770000,19.6,19.75,19.35,19.35,-0.25,97
2022-01-06 00:00:00,73000,1417000,19.25,19.45,19.2,19.4,0.05,52
2022-01-07 00:00:00,196000,3776000,19.5,19.55,19.15,19.2,-0.2,123
2022-01-10 00:00:00,63000,1215000,19.2,19.35,19.2,19.2,0,49
2022-01-11 00:00:00,187000,3594000,19.15,19.25,19.15,19.25,0.05,86
2022-01-12 00:00:00,75000,1443000,19.25,19.25,19.1,19.2,-0.05,50
2022-01-13 00:00:00,302000,5707000,19.1,19.15,18.7,18.8,-0.4,178
2022-01-14 00:00:00,432000,7869000,18.8,18.8,18,18.2,-0.6,342
2022-01-17 00:00:00,124000,2276000,18.1,18.5,18.1,18.45,0.25,59
2022-01-18 00:00:00,195000,3611000,18.45,18.55,18.45,18.55,0.1,27
2022-01-19 00:00:00,207000,3800000,18.25,18.5,18.25,18.4,-0.15,35
2022-01-20 00:00:00,207000,3805000,18.35,18.5,18.35,18.4,0,27
2022-01-21 00:00:00,222000,4076000,18.4,18.4,18.2,18.35,-0.05,40
2022-01-24 00:00:00,183000,3349000,18.35,18.35,18.15,18.25,-0.1,22
2022-01-25 00:00:00,407000,7348000,18.25,18.25,17.8,17.85,-0.4,174
2022-01-26 00:00:00,63000,1133000,17.8,18,17.8,18,0.15,48
2022-02-07 00:00:00,48000,878000,18,18.55,18,18.55,0.55,33
2022-02-08 00:00:00,52000,974000,18.55,18.75,18.35,18.75,0.2,41
2022-02-09 00:00:00,74000,1397000,18.8,18.9,18.6,18.9,0.15,60
2022-02-10 00:00:00,48000,898000,18.95,18.95,18.6,18.8,-0.1,37
2022-02-11 00:00:00,35000,651000,18.85,18.95,18.8,18.8,0,44
2022-02-14 00:00:00,37000,683000,18.75,18.75,18.55,18.65,-0.15,23
2022-02-15 00:00:00,20000,379000,18.6,18.9,18.6,18.8,0.15,21
2022-02-16 00:00:00,23000,430000,18.9,18.9,18.7,18.8,0,45
2022-02-17 00:00:00,56000,1049000,18.8,18.85,18.65,18.7,-0.1,41
2022-02-18 00:00:00,248000,4695000,18.7,19.2,18.65,18.9,0.2,116
2022-02-21 00:00:00,216000,4117000,18.9,19.2,18.9,19.1,0.2,76
2022-02-22 00:00:00,88000,1665000,18.9,19,18.85,18.85,-0.25,51
2022-02-23 00:00:00,329000,6295000,18.85,19.4,18.85,19.25,0.4,103
2022-02-24 00:00:00,144000,2726000,19.2,19.2,18.6,18.65,-0.6,102
2022-02-25 00:00:00,61000,1143000,18.7,19.2,18.5,19,0.35,50
2022-03-01 00:00:00,62000,1184000,19,19.15,19,19.1,0.1,32
2022-03-02 00:00:00,25000,478000,19.05,19.1,19,19.05,-0.05,21
2022-03-03 00:00:00,40000,764000,19,19.05,18.95,19,-0.05,33
2022-03-04 00:00:00,42000,799000,18.95,19.15,18.95,19.1,0.1,32
2022-03-07 00:00:00,117000,2221000,18.9,19.15,18.75,18.9,-0.2,67
2022-03-08 00:00:00,157000,2969000,18.85,19.1,18.65,18.8,-0.1,96
2022-03-09 00:00:00,190000,3596000,18.85,19,18.75,18.95,0.15,63
2022-03-10 00:00:00,70000,1334000,19.1,19.15,19,19,0.05,42
2022-03-11 00:00:00,32000,607000,19.05,19.05,18.9,19,0,21
2022-03-14 00:00:00,127000,2424000,19,19.25,18.95,19.05,0.05,60
2022-03-15 00:00:00,97000,1847000,19.05,19.15,18.9,18.9,-0.15,58
2022-03-16 00:00:00,72000,1380000,19.1,19.1,18.95,19,0.1,39
2022-03-17 00:00:00,106000,2029000,19.1,19.3,19.1,19.15,0.15,59
2022-03-18 00:00:00,866000,17297000,19.15,20.7,19.15,19.7,0.55,478
2022-03-21 00:00:00,990000,20040000,20.7,21,19.9,20.4,0.7,553
2022-03-22 00:00:00,601000,12385000,20.2,20.85,20.2,20.75,0.35,337
2022-03-23 00:00:00,365000,7560000,20.8,20.85,20.55,20.65,-0.1,207
2022-03-24 00:00:00,333000,6925000,20.75,20.95,20.7,20.75,0.1,189
2022-03-25 00:00:00,204000,4212000,20.85,20.9,20.55,20.55,-0.2,137
2022-03-28 00:00:00,135000,2755000,20.65,20.65,20.35,20.6,0.05,95
2022-03-29 00:00:00,241000,5033000,20.65,21.3,20.65,20.75,0.15,170
2022-03-30 00:00:00,135000,2788000,20.65,20.75,20.45,20.55,-0.2,99
2022-03-31 00:00:00,141000,2881000,20.6,20.65,20.4,20.4,-0.15,103
2022-04-01 00:00:00,123000,2516000,20.3,20.55,20.3,20.55,0.15,79
2022-04-06 00:00:00,464000,9777000,20.75,21.7,20.55,20.75,0.2,322
2022-04-07 00:00:00,208000,4347000,20.85,21.1,20.75,20.75,0,153
2022-04-08 00:00:00,164000,3417000,20.8,21,20.6,21,0.25,97
2022-04-11 00:00:00,193000,4018000,21.3,21.3,20.7,20.75,-0.25,114
2022-04-12 00:00:00,127000,2620000,20.7,20.75,20.5,20.75,0,110
2022-04-13 00:00:00,182000,3797000,20.75,21.1,20.5,21,0.25,122
2022-04-14 00:00:00,97000,2012000,20.95,20.95,20.7,20.8,-0.2,77
2022-04-15 00:00:00,144000,2990000,20.75,20.85,20.6,20.85,0.05,85
2022-04-18 00:00:00,117000,2425000,20.85,20.85,20.6,20.65,-0.2,67
2022-04-19 00:00:00,74000,1533000,20.8,20.8,20.65,20.7,0.05,58
2022-04-20 00:00:00,97000,2013000,20.75,20.75,20.6,20.65,-0.05,57
2022-04-21 00:00:00,67000,1391000,20.7,20.8,20.65,20.75,0.1,39
2022-04-22 00:00:00,123000,2579000,20.9,21.3,20.75,20.75,0,90
2022-04-25 00:00:00,185000,3780000,20.7,20.7,20.3,20.55,-0.2,123
2022-04-26 00:00:00,223000,4526000,20.55,20.7,20,20.4,-0.15,150
2022-04-27 00:00:00,124000,2502000,20.3,20.3,20.05,20.25,-0.15,78
2022-04-28 00:00:00,61000,1242000,20.2,20.45,20.05,20.4,0.15,54
2022-04-29 00:00:00,90000,1837000,20.5,20.6,20.2,20.4,0,60
2022-05-03 00:00:00,35000,715000,20.4,20.4,20.15,20.35,-0.05,36
2022-05-04 00:00:00,39000,796000,20.35,20.45,20.3,20.4,0.05,33
2022-05-05 00:00:00,156000,3243000,20.65,20.85,20.65,20.75,0.35,93
2022-05-06 00:00:00,158000,3276000,20.5,20.85,20.3,20.8,0.05,90
2022-05-09 00:00:00,1260000,26877000,21.3,21.95,20.75,20.8,0,826
2022-05-10 00:00:00,1364000,29364000,20.8,22.15,20.55,21.9,1.1,857
2022-05-11 00:00:00,1385000,30749000,22.45,22.8,21.25,21.75,-0.15,943
2022-05-12 00:00:00,1028000,22490000,21.6,22.5,21.4,21.5,-0.25,579
2022-05-13 00:00:00,301000,6520000,21.8,21.95,21.45,21.55,0.05,228
2022-05-16 00:00:00,497000,10945000,21.65,22.5,21.65,21.95,0.4,329
2022-05-17 00:00:00,1124000,25125000,22,22.65,22,22.1,0.15,688
2022-05-18 00:00:00,441000,9790000,22.3,22.35,21.95,22.2,0.1,297
2022-05-19 00:00:00,352000,7668000,21.75,22.1,21.4,22.05,-0.15,265
2022-05-20 00:00:00,1240000,28306000,22.4,23.8,22.1,22.7,0.65,802
2022-05-23 00:00:00,611000,13947000,22.7,23.25,22.55,22.6,-0.1,350
2022-05-24 00:00:00,871000,19826000,22.9,23.35,22,22,-0.6,566
2022-05-25 00:00:00,226000,5040000,22.1,22.55,22,22.45,0.45,173
2022-05-26 00:00:00,278000,6189000,22.55,22.55,21.9,22,-0.45,197
2022-05-27 00:00:00,196000,4366000,22.3,22.35,22.1,22.15,0.15,132
2022-05-30 00:00:00,422000,9579000,22.3,23,22.2,22.65,0.5,296
2022-05-31 00:00:00,256000,5792000,22.9,22.9,22.35,22.5,-0.15,239
2022-06-01 00:00:00,179000,4011000,22.6,22.6,22.3,22.3,-0.2,202
2022-06-02 00:00:00,135000,3009000,22.3,22.3,22.15,22.2,-0.1,109
2022-06-06 00:00:00,236000,5185000,22.2,22.2,21.7,21.95,-0.25,164
2022-06-07 00:00:00,144000,3177000,21.95,22.2,21.85,22.1,0.15,96
2022-06-08 00:00:00,246000,5495000,22.15,22.5,22.15,22.15,0.05,191
2022-06-09 00:00:00,245000,5374000,22.15,22.15,21.8,22,-0.15,166
2022-06-10 00:00:00,140000,3089000,21.9,22.25,21.9,22.05,0.05,96
2022-06-13 00:00:00,232000,5122000,21.9,22.4,21.8,22.3,0.25,140
2022-06-14 00:00:00,271000,6066000,22.35,22.5,22.1,22.5,0.2,169
2022-06-15 00:00:00,444000,10091000,22.65,23.1,22.4,22.4,-0.1,362
2022-06-16 00:00:00,459000,10233000,22.55,22.65,21.75,21.85,-0.55,266
2022-06-17 00:00:00,259000,5594000,21.85,21.9,21.4,21.75,-0.1,155
2022-06-20 00:00:00,304000,6462000,21.9,21.9,20.9,21,-0.75,211
2022-06-21 00:00:00,85000,1827000,20.95,21.7,20.95,21.55,0.55,63
2022-06-22 00:00:00,236000,4940000,21.45,21.45,20.5,20.8,-0.75,148
2022-06-23 00:00:00,134000,2768000,20.95,20.95,20.4,20.95,0.15,83
2022-06-24 00:00:00,112000,2356000,21.05,21.2,20.8,20.95,0,76
2022-06-27 00:00:00,160000,3353000,20.7,21.1,20.7,21.05,0.1,111
2022-06-28 00:00:00,156000,3281000,21.1,21.2,20.95,20.95,-0.1,111
2022-06-29 00:00:00,336000,7074000,20.95,21.35,20.85,21.2,0.25,214
2022-06-30 00:00:00,336000,6328000,19.15,19.15,18.55,18.75,-0.45,194
2022-07-01 00:00:00,179000,3289000,18.7,18.75,18.05,18.15,-0.6,142
2022-07-04 00:00:00,158000,2846000,18.05,18.25,17.7,17.7,-0.45,91
2022-07-05 00:00:00,87000,1573000,17.75,18.2,17.75,18.2,0.5,55
2022-07-06 00:00:00,49000,886000,18.05,18.1,17.9,18.1,-0.1,33
2022-07-07 00:00:00,70000,1267000,17.9,18.15,17.8,18.15,0.05,54
2022-07-08 00:00:00,72000,1295000,18.15,18.2,17.9,17.95,-0.2,59
2022-07-11 00:00:00,232000,4074000,17.95,17.95,17.35,17.45,-0.5,181
2022-07-12 00:00:00,98000,1692000,17.4,17.4,17.1,17.15,-0.3,88
2022-07-13 00:00:00,198000,3406000,17.25,17.35,17.05,17.1,-0.05,175
2022-07-14 00:00:00,189000,3230000,17.1,17.25,16.95,17.2,0.1,177
2022-07-15 00:00:00,80000,1387000,17.2,17.45,17.2,17.4,0.2,45
2022-07-18 00:00:00,53000,923000,17.4,17.4,17.3,17.4,0,29
2022-07-19 00:00:00,57000,997000,17.4,17.5,17.3,17.45,0.05,52
2022-07-20 00:00:00,96000,1698000,17.5,17.7,17.5,17.7,0.25,76
2022-07-21 00:00:00,120000,2164000,17.8,18.2,17.7,18.2,0.5,103
2022-07-22 00:00:00,74000,1343000,18.3,18.3,17.95,18.1,-0.1,73
2022-07-25 00:00:00,43000,767000,18.1,18.1,18,18,-0.1,40
2022-07-26 00:00:00,57000,1022000,18,18.05,17.8,17.95,-0.05,51
2022-07-27 00:00:00,26000,470000,17.95,18.05,17.95,17.95,0,26
2022-07-28 00:00:00,36000,650000,18,18.05,17.9,18.05,0.1,30
2022-07-29 00:00:00,37000,674000,18.2,18.2,18.1,18.2,0.15,29
2022-08-01 00:00:00,49000,905000,18.2,18.45,18.2,18.45,0.25,43
2022-08-02 00:00:00,76000,1394000,18.45,18.45,18.15,18.3,-0.15,53
2022-08-03 00:00:00,36000,654000,18.25,18.25,18,18.2,-0.1,28
2022-08-04 00:00:00,68000,1239000,18,18.25,18,18.2,0,33
2022-08-05 00:00:00,56000,1036000,18.3,18.6,18.3,18.5,0.3,38
2022-08-08 00:00:00,723000,14058000,19,19.8,19,19.6,1.1,411
2022-08-09 00:00:00,278000,5515000,19.75,20.05,19.6,19.85,0.25,141
2022-08-10 00:00:00,163000,3237000,19.65,20.1,19.65,19.7,-0.15,122
2022-08-11 00:00:00,150000,2972000,19.8,19.95,19.65,19.8,0.1,109
2022-08-12 00:00:00,186000,3721000,19.8,20.2,19.75,20,0.2,131
2022-08-15 00:00:00,169000,3365000,20.05,20.1,19.85,20,0,107
2022-08-16 00:00:00,129000,2584000,19.9,20.1,19.9,20.05,0.05,81
2022-08-17 00:00:00,74000,1498000,20.05,20.2,20.05,20.1,0.05,46
2022-08-18 00:00:00,170000,3437000,20.15,20.5,20.1,20.2,0.1,106
2022-08-19 00:00:00,143000,2910000,20.3,20.5,20.3,20.3,0.1,85
2022-08-22 00:00:00,67000,1362000,20.3,20.5,20.25,20.4,0.1,57
2022-08-23 00:00:00,50000,1015000,20.4,20.4,20.2,20.4,0,36
2022-08-24 00:00:00,74000,1514000,20.4,20.45,20.25,20.4,0,34
2022-08-25 00:00:00,120000,2447000,20.4,20.6,20.25,20.4,0,70
2022-08-26 00:00:00,63000,1287000,20.45,20.45,20.3,20.4,0,44
2022-08-29 00:00:00,116000,2336000,19.95,20.15,19.95,20.15,-0.25,69
2022-08-30 00:00:00,43000,874000,20.15,20.45,20.15,20.35,0.2,28
2022-08-31 00:00:00,59000,1204000,20.35,20.6,20.35,20.45,0.1,51
2022-09-01 00:00:00,62000,1273000,20.55,20.55,20.35,20.4,-0.05,44
2022-09-02 00:00:00,64000,1309000,20.35,20.45,20.3,20.45,0.05,32
2022-09-05 00:00:00,150000,3046000,20.45,20.5,20.1,20.35,-0.1,78
2022-09-06 00:00:00,93000,1860000,20.45,20.45,19.95,20.15,-0.2,63
2022-09-07 00:00:00,69000,1386000,19.9,20.1,19.9,20.05,-0.1,50
2022-09-08 00:00:00,157000,3137000,20,20.05,19.85,19.95,-0.1,113
2022-09-12 00:00:00,75000,1500000,19.95,20.1,19.95,20.1,0.15,47
2022-09-13 00:00:00,136000,2715000,19.95,20.35,19.95,20.1,0,66
2022-09-14 00:00:00,64000,1281000,20.05,20.1,19.95,20.1,0,44
2022-09-15 00:00:00,96000,1923000,20,20.15,20,20.05,-0.05,46
2022-09-16 00:00:00,38000,762000,20,20.05,19.95,20,-0.05,30
2022-09-19 00:00:00,42000,839000,20.1,20.1,19.9,20,0,37
2022-09-20 00:00:00,65000,1291000,20,20.15,19.9,19.95,-0.05,41
2022-09-21 00:00:00,42000,846000,19.95,19.95,19.85,19.95,0,41
2022-09-22 00:00:00,46000,920000,20,20,19.8,19.95,0,39
2022-09-23 00:00:00,44000,875000,19.9,19.9,19.85,19.9,-0.05,28
2022-09-26 00:00:00,127000,2468000,19.8,19.8,19.2,19.45,-0.45,94
2022-09-27 00:00:00,60000,1149000,19.2,19.35,19,19.3,-0.15,44
2022-09-28 00:00:00,139000,2636000,19.2,19.2,18.65,18.95,-0.35,92
2022-09-29 00:00:00,74000,1413000,18.95,19.25,18.85,19.1,0.15,54
2022-09-30 00:00:00,59000,1136000,18.85,19.45,18.85,19.35,0.25,48
2022-10-03 00:00:00,33000,634000,19.25,19.25,19,19.25,-0.1,27
2022-10-04 00:00:00,46000,887000,19.25,19.45,19.2,19.35,0.1,29
2022-10-05 00:00:00,36000,706000,19.5,19.6,19.2,19.35,0,34
2022-10-06 00:00:00,57000,1100000,19.3,19.3,19.1,19.25,-0.1,39
2022-10-07 00:00:00,37000,704000,19.15,19.3,18.85,19.2,-0.05,31
2022-10-11 00:00:00,122000,2269000,19.05,19.05,18.3,18.6,-0.6,76
2022-10-12 00:00:00,67000,1232000,18.8,18.8,18.35,18.6,0,43
2022-10-13 00:00:00,96000,1761000,18.6,18.6,18.15,18.2,-0.4,58
2022-10-14 00:00:00,53000,970000,18.25,18.45,18.2,18.35,0.15,44
2022-10-17 00:00:00,41000,745000,18.2,18.3,18,18.25,-0.1,28
2022-10-18 00:00:00,24000,438000,18.55,18.55,18.15,18.3,0.05,20
2022-10-19 00:00:00,32000,594000,18.3,18.35,18.25,18.3,0,24
2022-10-20 00:00:00,51000,931000,18.3,18.3,18.1,18.2,-0.1,36
2022-10-21 00:00:00,16000,297000,18.2,18.25,18.15,18.25,0.05,17
2022-10-24 00:00:00,35000,645000,18.4,18.45,18.35,18.45,0.2,28
2022-10-25 00:00:00,22000,399000,18.35,18.35,18.05,18.2,-0.25,22
2022-10-26 00:00:00,14000,260000,18.2,18.35,18.1,18.35,0.15,21
2022-10-27 00:00:00,17000,312000,18.25,18.3,18.15,18.3,-0.05,25
2022-10-28 00:00:00,21000,383000,18.4,18.45,18.15,18.25,-0.05,20
2022-10-31 00:00:00,7000,128000,18.25,18.35,18.25,18.3,0.05,10
2022-11-01 00:00:00,29000,538000,18.3,19.05,18.3,19.05,0.75,32
2022-11-02 00:00:00,30000,566000,18.8,18.95,18.6,18.8,-0.25,35
2022-11-03 00:00:00,36000,685000,18.5,19,18.5,19,0.2,31
2022-11-04 00:00:00,104000,2016000,18.9,19.5,18.85,19.4,0.4,70
2022-11-07 00:00:00,48000,939000,19.5,19.65,19.4,19.65,0.25,29
2022-11-08 00:00:00,57000,1122000,19.7,19.7,19.5,19.55,-0.1,39
2022-11-09 00:00:00,129000,2537000,19.55,19.9,19.5,19.9,0.35,44
2022-11-10 00:00:00,17000,341000,19.85,19.85,19.6,19.7,-0.2,18
2022-11-11 00:00:00,141000,2750000,19.7,19.95,19.05,19.7,0,102
2022-11-14 00:00:00,38000,739000,19.4,19.4,19.1,19.35,-0.35,35
2022-11-15 00:00:00,12000,241000,19.4,19.55,19.4,19.5,0.15,13
2022-11-16 00:00:00,11000,214000,19.45,19.5,19.35,19.45,-0.05,10
2022-11-17 00:00:00,18000,349000,19.35,19.4,19.3,19.35,-0.1,11
2022-11-18 00:00:00,85000,1645000,19.4,19.4,19.25,19.35,0,38
2022-11-21 00:00:00,5000,101000,19.35,19.35,19.3,19.3,-0.05,10
2022-11-22 00:00:00,27000,533000,19.5,19.5,19.35,19.35,0.05,22
2022-11-23 00:00:00,17000,334000,19.25,19.45,19.25,19.4,0.05,19
2022-11-24 00:00:00,124000,2442000,19.6,19.8,19.5,19.65,0.25,82
2022-11-25 00:00:00,80000,1568000,19.6,19.75,19.55,19.75,0.1,70
2022-11-28 00:00:00,49000,958000,19.75,19.75,19.45,19.55,-0.2,37
2022-11-29 00:00:00,34000,661000,19.5,19.6,19.35,19.5,-0.05,21
2022-11-30 00:00:00,103000,2030000,19.6,19.8,19.6,19.7,0.2,70
2022-12-01 00:00:00,54000,1077000,20,20,19.7,19.75,0.05,41
2022-12-02 00:00:00,62000,1228000,19.75,19.85,19.7,19.8,0.05,40
2022-12-05 00:00:00,68000,1354000,19.9,19.9,19.75,19.8,0,39
2022-12-06 00:00:00,44000,859000,19.75,19.75,19.5,19.6,-0.2,40
2022-12-07 00:00:00,102000,1989000,19.5,19.55,19.4,19.5,-0.1,31
2022-12-08 00:00:00,7000,144000,19.6,19.6,19.4,19.5,0,9
2022-12-09 00:00:00,47000,918000,19.55,19.6,19.5,19.6,0.1,33
2022-12-12 00:00:00,14000,276000,19.5,19.95,19.5,19.7,0.1,16
2022-12-13 00:00:00,23000,455000,19.65,19.75,19.6,19.6,-0.1,24
2022-12-14 00:00:00,38000,748000,19.7,19.7,19.55,19.7,0.1,16
2022-12-15 00:00:00,27000,522000,19.7,19.7,19.6,19.6,-0.1,19
2022-12-16 00:00:00,44000,859000,19.6,19.65,19.2,19.65,0.05,33
2022-12-19 00:00:00,24000,466000,19.4,19.65,19.3,19.4,-0.25,19
2022-12-20 00:00:00,73000,1413000,19.5,19.5,19.2,19.3,-0.1,72
2022-12-21 00:00:00,23000,445000,19.2,19.35,19.1,19.3,0,15
2022-12-22 00:00:00,28000,543000,19.35,19.45,19.25,19.45,0.15,14
2022-12-23 00:00:00,19000,365000,19.3,19.35,19.05,19.3,-0.15,17
2022-12-26 00:00:00,27000,522000,19.3,19.3,19.15,19.25,-0.05,24
2022-12-27 00:00:00,16000,309000,19.25,19.3,19.15,19.3,0.05,16
2022-12-28 00:00:00,20000,388000,19.3,19.3,19.1,19.15,-0.15,24
2022-12-29 00:00:00,10000,193000,19.3,19.3,19.1,19.25,0.1,10
2022-12-30 00:00:00,21000,410000,19.3,19.3,19.15,19.25,0,44
2023-01-03 00:00:00,20000,394000,19.35,19.4,19.25,19.35,0.1,32
2023-01-04 00:00:00,19000,373000,19.2,19.5,19.2,19.45,0.1,32
2023-01-05 00:00:00,13000,253000,19.45,19.5,19.35,19.4,-0.05,12
2023-01-06 00:00:00,11000,207000,19.5,19.6,19.5,19.6,0.2,15
2023-01-09 00:00:00,51000,982000,19.6,19.65,19.15,19.5,-0.1,54
2023-01-10 00:00:00,38000,737000,19.5,19.7,19.5,19.7,0.2,96
2023-01-11 00:00:00,22000,432000,19.7,19.7,19.6,19.65,-0.05,12
2023-01-12 00:00:00,245000,4828000,19.55,19.8,19.55,19.75,0.1,43
2023-01-13 00:00:00,55000,1101000,19.8,19.9,19.8,19.8,0.05,56
2023-01-16 00:00:00,33000,658000,19.6,20,19.6,19.85,0.05,28
2023-01-17 00:00:00,119000,2379000,19.85,20.05,19.85,20,0.15,61
2023-01-30 00:00:00,158000,3220000,20.35,20.45,20.25,20.45,0.45,101
2023-01-31 00:00:00,49000,1008000,20.5,20.55,20.45,20.5,0.05,36
2023-02-01 00:00:00,66000,1359000,20.45,20.6,20.4,20.55,0.05,62
2023-02-02 00:00:00,76000,1566000,20.55,20.65,20.55,20.65,0.1,60
2023-02-03 00:00:00,47000,969000,20.65,20.65,20.5,20.65,0,34
2023-02-06 00:00:00,51000,1045000,20.65,20.65,20.45,20.6,-0.05,78
2023-02-07 00:00:00,34000,707000,20.7,20.75,20.6,20.65,0.05,27
2023-02-08 00:00:00,66000,1339000,20.55,20.55,20.35,20.5,-0.15,53
2023-02-09 00:00:00,16000,330000,20.6,20.6,20.5,20.5,0,17
2023-02-10 00:00:00,27000,539000,20.35,20.4,20.3,20.4,-0.1,52
2023-02-13 00:00:00,13000,255000,20.35,20.4,20.3,20.4,0,28
2023-02-14 00:00:00,22000,440000,20.35,20.45,20.3,20.4,0,26
2023-02-15 00:00:00,28000,572000,20.5,20.5,20.3,20.4,0,20
2023-02-16 00:00:00,21000,429000,20.4,20.4,20.35,20.4,0,23
2023-02-17 00:00:00,27000,554000,20.45,20.5,20.4,20.5,0.1,18
2023-02-20 00:00:00,42000,858000,20.45,20.45,20.35,20.45,-0.05,37
2023-02-21 00:00:00,71000,1461000,20.35,20.55,20.35,20.55,0.1,35
2023-02-22 00:00:00,47000,964000,20.35,20.6,20.35,20.55,0,27
2023-02-23 00:00:00,206000,4265000,20.65,20.8,20.5,20.5,-0.05,82
2023-02-24 00:00:00,109000,2263000,20.6,20.75,20.6,20.65,0.15,62
2023-03-01 00:00:00,121000,2507000,20.65,20.95,20.6,20.7,0.05,77
2023-03-02 00:00:00,60000,1240000,20.6,20.85,20.6,20.85,0.15,40
2023-03-03 00:00:00,229000,4825000,20.8,21.25,20.8,21.2,0.35,124
2023-03-06 00:00:00,283000,5993000,21.2,21.35,21,21.3,0.1,97
2023-03-07 00:00:00,115000,2457000,21.3,21.4,21.2,21.35,0.05,77
2023-03-08 00:00:00,54000,1152000,21.4,21.4,21.15,21.3,-0.05,44
2023-03-09 00:00:00,395000,8494000,21.2,21.8,21.2,21.55,0.25,158
2023-03-10 00:00:00,417000,8932000,21.1,21.55,21.1,21.45,-0.1,117
2023-03-13 00:00:00,115000,2441000,21.3,21.3,21.1,21.25,-0.2,60
2023-03-14 00:00:00,102000,2148000,21.25,21.25,21,21,-0.25,70
2023-03-15 00:00:00,129000,2702000,21.15,21.15,20.95,20.95,-0.05,67
2023-03-16 00:00:00,84000,1763000,20.9,21.1,20.7,20.9,-0.05,66
2023-03-17 00:00:00,49000,1031000,21.05,21.1,20.95,21.1,0.2,40
2023-03-20 00:00:00,706000,13749000,19.9,19.9,19.3,19.5,-1.6,444
2023-03-21 00:00:00,97000,1912000,19.6,19.65,19.55,19.65,0.15,77
2023-03-22 00:00:00,36000,711000,19.6,19.7,19.6,19.65,0,36
2023-03-23 00:00:00,144000,2824000,19.6,19.65,19.5,19.6,-0.05,47
2023-03-24 00:00:00,75000,1477000,19.7,19.75,19.65,19.65,0.05,49
2023-03-27 00:00:00,54000,1061000,19.55,19.7,19.55,19.7,0.05,35
2023-03-28 00:00:00,41000,807000,19.75,19.75,19.65,19.65,-0.05,25
2023-03-29 00:00:00,23000,451000,19.7,19.7,19.6,19.6,-0.05,21
2023-03-30 00:00:00,49000,976000,19.75,19.75,19.7,19.75,0.15,42
2023-03-31 00:00:00,27000,535000,19.65,19.8,19.6,19.8,0.05,26
2023-04-06 00:00:00,78000,1540000,19.85,19.85,19.65,19.75,-0.05,28
2023-04-07 00:00:00,57000,1122000,19.7,19.7,19.6,19.65,-0.1,24
2023-04-10 00:00:00,46000,919000,19.65,19.95,19.6,19.8,0.15,28
2023-04-11 00:00:00,135000,2672000,19.8,19.9,19.8,19.85,0.05,39
2023-04-12 00:00:00,10000,198000,19.95,19.95,19.75,19.9,0.05,12
2023-04-13 00:00:00,22000,440000,19.95,19.95,19.8,19.85,-0.05,24
2023-04-14 00:00:00,37000,740000,19.85,19.95,19.85,19.9,0.05,30
2023-04-17 00:00:00,61000,1212000,19.85,19.95,19.8,19.85,-0.05,46
2023-04-18 00:00:00,21000,426000,19.95,20,19.85,19.85,0,21
2023-04-19 00:00:00,46000,919000,19.95,20,19.9,19.9,0.05,26
2023-04-20 00:00:00,14000,279000,19.9,19.9,19.8,19.8,-0.1,18
2023-04-21 00:00:00,41000,804000,19.7,19.7,19.4,19.5,-0.3,37
2023-04-24 00:00:00,16000,316000,19.4,19.7,19.4,19.7,0.2,13
2023-04-25 00:00:00,11000,218000,19.7,19.7,19.45,19.55,-0.15,15
2023-04-26 00:00:00,11000,213000,19.6,19.7,19.55,19.55,0,20
2023-04-27 00:00:00,31000,618000,19.65,19.9,19.65,19.65,0.1,31
2023-04-28 00:00:00,29000,569000,19.7,19.7,19.6,19.6,-0.05,26
2023-05-02 00:00:00,41000,802000,19.75,19.75,19.45,19.5,-0.1,36
2023-05-03 00:00:00,83000,1629000,19.6,19.7,19.6,19.65,0.15,31
2023-05-04 00:00:00,29000,581000,19.7,19.85,19.65,19.7,0.05,29
2023-05-05 00:00:00,19000,376000,19.7,19.7,19.65,19.65,-0.05,12
2023-05-08 00:00:00,20000,393000,19.6,19.6,19.55,19.6,-0.05,16
2023-05-09 00:00:00,14000,276000,19.55,19.6,19.55,19.55,-0.05,13
2023-05-10 00:00:00,13000,256000,19.55,19.6,19.55,19.6,0.05,11
2023-05-11 00:00:00,59000,1161000,19.45,19.6,19.45,19.45,-0.15,51
2023-05-12 00:00:00,42000,815000,19.45,19.45,19.35,19.4,-0.05,32
2023-05-15 00:00:00,23000,447000,19.35,19.45,19.35,19.4,0,23
2023-05-16 00:00:00,4000,78000,19.5,19.5,19.5,19.5,0.1,4
2023-05-17 00:00:00,19000,376000,19.5,19.7,19.5,19.55,0.05,23
2023-05-18 00:00:00,29000,567000,19.5,19.55,19.4,19.5,-0.05,15
2023-05-19 00:00:00,19000,375000,19.5,19.75,19.5,19.55,0.05,19
2023-05-22 00:00:00,21000,412000,19.5,19.6,19.45,19.5,-0.05,25
2023-05-23 00:00:00,47000,927000,19.6,19.6,19.5,19.55,0.05,32
2023-05-24 00:00:00,19000,371000,19.55,19.55,19.5,19.5,-0.05,14
2023-05-25 00:00:00,69000,1364000,19.6,19.8,19.5,19.5,0,25
2023-05-26 00:00:00,29000,566000,19.5,19.5,19.45,19.5,0,15
2023-05-29 00:00:00,8000,164000,19.5,19.5,19.5,19.5,0,13
2023-05-30 00:00:00,21000,418000,19.5,19.5,19.45,19.5,0,52
2023-05-31 00:00:00,25000,493000,19.5,19.65,19.5,19.5,0,18
2023-06-01 00:00:00,13000,258000,19.5,19.5,19.3,19.5,0,14
2023-06-02 00:00:00,25000,490000,19.5,19.6,19.5,19.5,0,25
2023-06-05 00:00:00,53000,1036000,19.65,19.65,19.5,19.5,0,25
2023-06-06 00:00:00,25000,490000,19.5,19.65,19.5,19.55,0.05,13
2023-06-07 00:00:00,22000,435000,19.6,19.65,19.6,19.6,0.05,18
2023-06-08 00:00:00,6000,121000,19.65,19.65,19.6,19.6,0,11
2023-06-09 00:00:00,16000,319000,19.6,19.65,19.6,19.6,0,12
2023-06-12 00:00:00,53000,1034000,19.5,19.6,19.45,19.55,-0.05,35
2023-06-13 00:00:00,39000,765000,19.55,19.6,19.5,19.6,0.05,20
2023-06-14 00:00:00,35000,680000,19.6,19.6,19.55,19.55,-0.05,19
2023-06-15 00:00:00,34000,668000,19.55,19.6,19.5,19.55,0,22
2023-06-16 00:00:00,41000,805000,19.5,19.8,19.5,19.55,0,18
2023-06-19 00:00:00,12000,235000,19.5,19.55,19.5,19.5,-0.05,8
2023-06-20 00:00:00,2000,44000,19.5,19.5,19.5,19.5,0,4
2023-06-21 00:00:00,12000,235000,19.55,19.55,19.55,19.55,0.05,9
2023-06-26 00:00:00,35000,686000,19.55,19.55,19.5,19.55,0,16
2023-06-27 00:00:00,22000,421000,19.55,19.55,19.5,19.5,-0.05,33
2023-06-28 00:00:00,40000,784000,19.5,19.5,19.45,19.5,0,25
2023-06-29 00:00:00,34000,664000,19.5,19.5,19.45,19.45,-0.05,24
2023-06-30 00:00:00,37000,721000,19.5,19.5,19.45,19.5,0.05,25
2023-07-03 00:00:00,88000,1702000,19.5,19.5,19.35,19.4,-0.1,71
2023-07-04 00:00:00,109000,2143000,19.45,19.7,19.45,19.55,0.15,58
2023-07-05 00:00:00,160000,3132000,19.6,19.8,19.55,19.6,0.05,90
2023-07-06 00:00:00,78000,1449000,18.4,18.65,18.4,18.55,0.15,66
2023-07-07 00:00:00,27000,506000,18.65,18.65,18.4,18.4,-0.15,36
2023-07-10 00:00:00,37000,678000,18.4,18.5,18.2,18.5,0.1,26
2023-07-11 00:00:00,17000,319000,18.5,18.5,18.35,18.4,-0.1,18
2023-07-12 00:00:00,26000,483000,18.4,18.45,18.2,18.45,0.05,24
2023-07-13 00:00:00,83000,1518000,18.5,18.5,18.05,18.2,-0.25,34
2023-07-14 00:00:00,97000,1754000,18.2,18.2,17.95,18.05,-0.15,46
2023-07-17 00:00:00,49000,883000,18,18,17.85,17.95,-0.1,32
2023-07-18 00:00:00,36000,645000,17.95,17.95,17.9,17.9,-0.05,20
2023-07-19 00:00:00,36000,648000,17.9,17.95,17.85,17.9,0,30
2023-07-20 00:00:00,26000,461000,17.95,18,17.9,17.9,0,22
2023-07-21 00:00:00,51000,918000,17.95,18.1,17.95,18,0.1,22
2023-07-24 00:00:00,19000,347000,18,18.4,18,18.05,0.05,17
2023-07-25 00:00:00,28000,500000,18.05,18.1,18.05,18.05,0,21
2023-07-26 00:00:00,22000,403000,18.4,18.4,18.05,18.4,0.35,15
2023-07-27 00:00:00,24000,440000,18.4,18.5,18.3,18.4,0,15
2023-07-28 00:00:00,7000,129000,18.35,18.35,18.3,18.3,-0.1,7
2023-07-31 00:00:00,11000,202000,18.4,18.4,18.3,18.4,0.1,14
2023-08-01 00:00:00,1000,20000,18.3,18.3,18.3,18.3,-0.1,6
2023-08-02 00:00:00,35000,637000,18.3,18.4,18.05,18.05,-0.25,24
2023-08-04 00:00:00,11000,199000,18.05,18.15,18.05,18.15,0.1,7
2023-08-07 00:00:00,9000,164000,18.2,18.25,18.2,18.2,0.05,11
2023-08-08 00:00:00,7000,128000,18.2,18.25,18.2,18.25,0.05,8
2023-08-09 00:00:00,39000,697000,18.05,18.05,17.85,18.05,-0.2,29
2023-08-10 00:00:00,17000,313000,18.05,18.1,18,18,-0.05,17
2023-08-11 00:00:00,51000,933000,18.05,18.5,17.95,18.1,0.1,33
2023-08-14 00:00:00,96000,1719000,18.1,18.1,17.8,17.8,-0.3,40
2023-08-15 00:00:00,38000,679000,17.8,17.9,17.8,17.85,0.05,30
2023-08-16 00:00:00,34000,607000,17.85,17.9,17.75,17.85,0,20
2023-08-17 00:00:00,36000,635000,17.85,17.85,17.45,17.85,0,18
2023-08-18 00:00:00,13000,225000,17.6,17.8,17.55,17.8,-0.05,18
2023-08-21 00:00:00,3000,54000,17.9,17.9,17.9,17.9,0.1,3
2023-08-22 00:00:00,18000,326000,17.8,17.9,17.8,17.85,-0.05,15
2023-08-23 00:00:00,3000,59000,17.8,17.8,17.8,17.8,-0.05,5
2023-08-24 00:00:00,24000,422000,17.85,17.85,17.65,17.65,-0.15,20
2023-08-25 00:00:00,8000,148000,17.65,17.7,17.65,17.65,0,13
2023-08-28 00:00:00,21000,364000,17.55,17.8,17.55,17.6,-0.05,16
2023-08-29 00:00:00,12000,220000,17.7,17.75,17.7,17.75,0.15,8
2023-08-30 00:00:00,5000,89000,17.95,17.95,17.6,17.6,-0.15,7
2023-08-31 00:00:00,3000,60000,17.65,17.65,17.65,17.65,0.05,9
2023-09-01 00:00:00,19000,328000,17.6,17.7,17.6,17.7,0.05,14
2023-09-04 00:00:00,0,1000,,,,,0,1
2023-09-05 00:00:00,28000,498000,17.7,17.8,17.55,17.8,0.1,25
2023-09-06 00:00:00,27000,488000,17.8,17.8,17.7,17.7,-0.1,17
2023-09-07 00:00:00,52000,928000,17.8,17.8,17.65,17.65,-0.05,23
2023-09-08 00:00:00,48000,832000,17.6,17.7,17.4,17.7,0.05,35
2023-09-11 00:00:00,26000,450000,17.7,17.8,17.45,17.5,-0.2,28
2023-09-12 00:00:00,14000,244000,17.5,17.6,17.4,17.5,0,13
2023-09-13 00:00:00,11000,194000,17.5,17.5,17.5,17.5,0,8
2023-09-14 00:00:00,16000,282000,17.55,17.75,17.5,17.6,0.1,12
2023-09-15 00:00:00,8000,142000,17.6,17.6,17.6,17.6,0,9
2023-09-18 00:00:00,13000,230000,17.75,17.75,17.5,17.5,-0.1,11
2023-09-19 00:00:00,5000,96000,17.5,17.7,17.5,17.7,0.2,13
2023-09-20 00:00:00,8000,148000,17.6,17.7,17.6,17.7,0,9
2023-09-21 00:00:00,10000,184000,17.55,17.65,17.55,17.6,-0.1,13
2023-09-22 00:00:00,2000,35000,17.55,17.6,17.55,17.6,0,2
2023-09-25 00:00:00,14000,245000,17.55,17.6,17.5,17.5,-0.1,18
2023-09-26 00:00:00,46000,795000,17.45,17.5,17.1,17.3,-0.2,30
2023-09-27 00:00:00,1000,19000,17.45,17.45,17.45,17.45,0.15,3
2023-09-28 00:00:00,5000,87000,17.45,17.45,17.35,17.35,-0.1,4
2023-10-02 00:00:00,16000,288000,17.4,18.1,17.35,17.85,0.5,19
2023-10-03 00:00:00,9000,159000,17.6,17.6,17.55,17.55,-0.3,7
2023-10-04 00:00:00,16000,280000,17.55,17.55,17.4,17.5,-0.05,10
2023-10-05 00:00:00,3000,58000,17.5,17.5,17.5,17.5,0,10
2023-10-06 00:00:00,7000,123000,17.5,17.5,17.5,17.5,0,8
2023-10-11 00:00:00,5000,87000,17.4,17.4,17.4,17.4,-0.1,5
2023-10-12 00:00:00,4000,70000,17.7,17.7,17.45,17.45,0.05,5
2023-10-13 00:00:00,39000,668000,17.35,17.45,17,17.35,-0.1,42
2023-10-16 00:00:00,37000,638000,17.2,17.25,17,17.15,-0.2,31
2023-10-17 00:00:00,80000,1367000,17.05,17.2,16.9,17.1,-0.05,50
2023-10-18 00:00:00,6000,102000,17,17.05,16.95,17.05,-0.05,6
2023-10-19 00:00:00,11000,190000,17.05,17.05,17,17.05,0,8
2023-10-20 00:00:00,3000,51000,17,17,17,17,-0.05,3
2023-10-23 00:00:00,5000,85000,17,17,16.95,16.95,-0.05,5
2023-10-24 00:00:00,10000,170000,16.95,17,16.95,17,0.05,7
2023-10-25 00:00:00,15000,260000,17,17.2,17,17,0,11
2023-10-26 00:00:00,14000,238000,17,17.1,17,17,0,10
2023-10-27 00:00:00,3000,55000,17,17,17,17,0,8
2023-10-30 00:00:00,20000,329000,16.7,16.85,16.7,16.8,-0.2,30
2023-10-31 00:00:00,12000,202000,17,17,16.8,16.85,0.05,8
2023-11-01 00:00:00,14000,236000,16.85,16.85,16.8,16.85,0,8
2023-11-02 00:00:00,15000,255000,16.9,16.95,16.85,16.85,0,11
2023-11-03 00:00:00,57000,964000,16.9,16.9,16.8,16.85,0,24
2023-11-06 00:00:00,14000,229000,16.85,16.9,16.85,16.85,0,14
2023-11-07 00:00:00,31000,526000,16.85,16.9,16.85,16.85,0,9
2023-11-08 00:00:00,22000,363000,16.85,16.9,16.85,16.85,0,16
2023-11-09 00:00:00,8000,136000,16.9,17.05,16.9,16.9,0.05,8
2023-11-10 00:00:00,2000,37000,16.9,16.9,16.9,16.9,0,3
2023-11-13 00:00:00,9000,151000,16.8,16.8,16.8,16.8,-0.1,12
2023-11-14 00:00:00,56000,938000,16.75,16.8,16.6,16.8,0,23
2023-11-15 00:00:00,99000,1692000,16.8,17.2,16.8,17.2,0.4,30
2023-11-16 00:00:00,112000,1906000,17.15,17.15,17.05,17.05,-0.15,12
2023-11-17 00:00:00,47000,806000,17.05,17.4,17.05,17.35,0.3,16
2023-11-20 00:00:00,124000,2157000,17.4,17.6,17.35,17.35,0,24
2023-11-21 00:00:00,83000,1431000,17.35,17.35,17.1,17.15,-0.2,19
2023-11-22 00:00:00,92000,1579000,17.15,17.55,17.15,17.3,0.15,17
2023-11-23 00:00:00,20000,347000,17.3,17.6,17.25,17.55,0.25,10
2023-11-24 00:00:00,19000,330000,17.6,17.6,17.3,17.35,-0.2,9
2023-11-27 00:00:00,38000,660000,17.35,17.4,17.35,17.35,0,6
2023-11-28 00:00:00,77000,1336000,17.35,17.35,17.35,17.35,0,4
2023-11-29 00:00:00,86000,1492000,17.35,17.4,17.25,17.35,0,12
2023-11-30 00:00:00,80000,1390000,17.35,17.35,17.35,17.35,0,10
2023-12-01 00:00:00,127000,2206000,17.35,17.35,17.3,17.3,-0.05,21
2023-12-04 00:00:00,115000,1997000,17.3,17.4,17.3,17.4,0.1,18
2023-12-05 00:00:00,151000,2636000,17.4,17.55,17.35,17.55,0.15,17
2023-12-06 00:00:00,126000,2225000,17.65,17.7,17.6,17.6,0.05,21
2023-12-07 00:00:00,135000,2395000,17.7,17.75,17.7,17.75,0.15,20
2023-12-08 00:00:00,198000,3508000,17.75,17.75,17.6,17.65,-0.1,20
2023-12-11 00:00:00,124000,2177000,17.65,17.65,17.45,17.5,-0.15,9
2023-12-12 00:00:00,90000,1571000,17.45,17.7,17.45,17.45,-0.05,11
2023-12-13 00:00:00,131000,2287000,17.45,17.45,17.2,17.4,-0.05,21
2023-12-14 00:00:00,168000,2906000,17.4,17.4,17.25,17.3,-0.1,46
2023-12-15 00:00:00,145000,2503000,17.3,17.45,17.25,17.3,0,31
2023-12-18 00:00:00,134000,2318000,17.3,17.3,17.2,17.25,-0.05,23
2023-12-19 00:00:00,123000,2120000,17.25,17.25,17.2,17.25,0,9
2023-12-20 00:00:00,143000,2462000,17.3,17.3,17.05,17.15,-0.1,27
2023-12-21 00:00:00,112000,1924000,17.15,17.25,17.15,17.2,0.05,5
2023-12-22 00:00:00,131000,2247000,17.2,17.2,17.15,17.2,0,16
2023-12-25 00:00:00,125000,2153000,17.3,17.3,17.15,17.15,-0.05,8
2023-12-26 00:00:00,126000,2153000,17.15,17.2,17.15,17.15,0,15
2023-12-27 00:00:00,7000,123000,17.2,17.2,17.15,17.15,0,10
2023-12-28 00:00:00,18000,314000,17.35,17.4,17.2,17.3,0.15,18
2023-12-29 00:00:00,12000,208000,17.3,17.3,17.25,17.25,-0.05,10
2024-01-02 00:00:00,5000,86000,17.25,17.25,17.25,17.25,0,4
2024-01-03 00:00:00,3000,51000,17.15,17.15,17.15,17.15,-0.1,2
2024-01-04 00:00:00,40000,686000,17.15,17.2,17.05,17.05,-0.1,22
2024-01-05 00:00:00,46000,783000,17.1,17.1,17,17.05,0,22
2024-01-08 00:00:00,5000,87000,17.1,17.1,17,17,-0.05,10
2024-01-09 00:00:00,37000,629000,17,17.05,17,17,0,17
2024-01-10 00:00:00,18000,307000,17.05,17.05,16.8,16.9,-0.1,14
2024-01-11 00:00:00,41000,693000,16.8,17,16.75,16.9,0,26
2024-01-12 00:00:00,29000,491000,16.9,17.1,16.8,17,0.1,16
2024-01-15 00:00:00,37000,629000,17,17.05,16.95,17.05,0.05,14
2024-01-16 00:00:00,15000,256000,16.95,17,16.9,17,-0.05,12
2024-01-17 00:00:00,46000,784000,16.9,17,16.9,17,0,15
2024-01-18 00:00:00,11000,188000,17,17.05,17,17.05,0.05,10
2024-01-19 00:00:00,28000,477000,17,17.05,17,17,-0.05,14
2024-01-22 00:00:00,3000,56000,17,17.1,17,17.1,0.1,4
2024-01-23 00:00:00,31000,529000,17.1,17.1,16.95,17,-0.1,15
2024-01-24 00:00:00,23000,397000,17,17.2,17,17.15,0.15,16
2024-01-25 00:00:00,28000,482000,17.2,17.3,17.15,17.25,0.1,27
2024-01-26 00:00:00,25000,428000,17.2,17.35,17.2,17.3,0.05,19
2024-01-29 00:00:00,10000,175000,17.25,17.3,17.25,17.3,0,10
2024-01-30 00:00:00,3000,54000,17.05,17.1,17.05,17.1,-0.2,7
2024-01-31 00:00:00,4000,71000,17.1,17.1,17.05,17.05,-0.05,6
2024-02-01 00:00:00,6000,96000,17.05,17.15,17.05,17.15,0.1,17
2024-02-02 00:00:00,5000,87000,17.3,17.3,17.3,17.3,0.15,6
2024-02-05 00:00:00,0,0,,,,,0,1
2024-02-15 00:00:00,11000,196000,17.3,17.3,17.25,17.3,0.1,33
2024-02-16 00:00:00,19000,320000,17.3,17.45,17.1,17.3,0,28
2024-02-19 00:00:00,14000,244000,17.3,17.3,17.15,17.2,-0.1,14
2024-02-20 00:00:00,35000,602000,17.2,17.3,17.15,17.25,0.05,26
2024-02-21 00:00:00,18000,313000,17.45,17.45,17.3,17.3,0.05,16
2024-02-22 00:00:00,19000,339000,17.3,17.5,17.3,17.45,0.15,26
2024-02-23 00:00:00,25000,436000,17.25,17.4,17.1,17.3,-0.15,25
2024-02-26 00:00:00,58000,993000,17.3,17.5,17.05,17.2,-0.1,100
2024-02-27 00:00:00,12000,209000,17.2,17.45,17.2,17.2,0,14
2024-02-29 00:00:00,31000,530000,17.2,17.35,17.2,17.2,0,42
2024-03-01 00:00:00,21000,363000,17.35,17.35,17.2,17.2,0,13
2024-03-04 00:00:00,19000,319000,17.2,17.25,17.2,17.25,0.05,13
2024-03-05 00:00:00,46000,799000,17.35,17.35,17.25,17.35,0.1,24
2024-03-06 00:00:00,13000,224000,17.35,17.45,17.35,17.35,0,13
2024-03-07 00:00:00,27000,459000,17.35,17.35,17.15,17.15,-0.2,51
2024-03-08 00:00:00,30000,512000,17.1,17.1,16.95,17.05,-0.1,48
2024-03-11 00:00:00,17000,296000,17.05,17.35,17.05,17.3,0.25,16
2024-03-12 00:00:00,16000,270000,17.4,17.4,17.3,17.4,0.1,23
2024-03-13 00:00:00,68000,1165000,17.15,17.15,17,17,-0.4,58
2024-03-14 00:00:00,89000,1502000,17,17,16.8,17,0,61
2024-03-15 00:00:00,11000,192000,17,17,16.9,16.95,-0.05,21
2024-03-18 00:00:00,12000,204000,17,17,16.85,16.9,-0.05,20
2024-03-19 00:00:00,33000,548000,16.8,16.8,16.65,16.75,-0.15,68
2024-03-20 00:00:00,34000,574000,16.75,16.8,16.75,16.8,0.05,20
2024-03-21 00:00:00,23000,387000,16.75,16.9,16.75,16.8,0,21
2024-03-22 00:00:00,17000,286000,16.8,16.8,16.7,16.8,0,18
2024-03-25 00:00:00,12000,203000,16.7,17,16.7,16.9,0.1,13
2024-03-26 00:00:00,25000,430000,16.75,17.15,16.75,16.85,-0.05,27
2024-03-27 00:00:00,6000,94000,16.8,16.8,16.8,16.8,-0.05,10
2024-03-28 00:00:00,22000,370000,17.05,17.15,17,17.15,0.35,31
2024-03-29 00:00:00,52000,891000,17.4,17.4,17.1,17.1,-0.05,65
2024-04-01 00:00:00,29000,496000,17.1,17.15,17,17,-0.1,17
2024-04-02 00:00:00,20000,347000,17.3,17.3,17,17,0,17
2024-04-03 00:00:00,0,0,,,,,0,1
2024-04-08 00:00:00,12000,204000,17.05,17.1,17,17.1,0.1,8
2024-04-09 00:00:00,40000,685000,17.15,17.2,17.1,17.1,0,24
2024-04-10 00:00:00,49000,844000,17.1,17.25,17.1,17.2,0.1,34
2024-04-11 00:00:00,12000,208000,17.15,17.35,17.1,17.2,0,19
2024-04-12 00:00:00,19000,323000,17.1,17.15,17.05,17.1,-0.1,72
2024-04-15 00:00:00,38000,643000,16.8,16.95,16.7,16.9,-0.2,33
2024-04-16 00:00:00,34000,570000,16.8,16.85,16.6,16.8,-0.1,23
2024-04-17 00:00:00,9000,156000,16.95,16.95,16.85,16.85,0.05,9
2024-04-18 00:00:00,5000,86000,16.9,16.9,16.9,16.9,0.05,11
2024-04-19 00:00:00,11000,188000,16.6,16.85,16.6,16.85,-0.05,11
2024-04-22 00:00:00,19000,324000,16.85,16.9,16.65,16.7,-0.15,16
2024-04-23 00:00:00,7000,119000,16.8,16.9,16.75,16.75,0.05,8
2024-04-24 00:00:00,31000,524000,16.8,16.9,16.8,16.9,0.15,22
2024-04-25 00:00:00,30000,506000,16.8,16.9,16.8,16.8,-0.1,16
2024-04-26 00:00:00,9000,147000,16.9,16.9,16.7,16.85,0.05,13
2024-04-29 00:00:00,45000,764000,16.8,16.85,16.8,16.8,-0.05,40
2024-04-30 00:00:00,37000,628000,16.9,17,16.85,16.85,0.05,23
2024-05-02 00:00:00,14000,238000,16.85,17,16.85,16.95,0.1,10
2024-05-03 00:00:00,43000,731000,17.1,17.1,16.7,16.95,0,34
2024-05-06 00:00:00,51000,874000,16.9,17.3,16.8,17,0.05,32
2024-05-07 00:00:00,12000,204000,17,17,16.85,16.9,-0.1,12
2024-05-08 00:00:00,86000,1470000,17.25,17.3,17,17.2,0.3,49
2024-05-09 00:00:00,55000,941000,17.35,17.35,17,17,-0.2,26
2024-05-10 00:00:00,12000,209000,17,17.2,17,17.2,0.2,10
2024-05-13 00:00:00,2151000,40184000,18.8,18.9,18,18.6,1.4,931
2024-05-14 00:00:00,445000,8225000,18.6,18.85,18.15,18.2,-0.4,298
2024-05-15 00:00:00,220000,3998000,18.35,18.45,18,18,-0.2,144
2024-05-16 00:00:00,844000,15910000,18.45,19.45,18.4,18.85,0.85,470
2024-05-17 00:00:00,252000,4787000,18.85,19.35,18.7,18.9,0.05,183
2024-05-20 00:00:00,211000,3980000,19.05,19.3,18.6,18.75,-0.15,235
2024-05-21 00:00:00,97000,1828000,19.05,19.05,18.6,18.65,-0.1,79
